artist,album,track,uri
Natalia Lacunza,Otras Alas,Olivia,spotify:track:0okyvelhnnloZWHv6DwgSM
Nusrat Fateh Ali Khan,Shahen-Shah,Kali Kali Zulfon Ke Phande Nah Dalo,spotify:track:41p2AWpXt0QF4GFlsxVowq
Marshmello,BIBA,BIBA,spotify:track:0GVBPuCT3pBrXCdY3Uiy5B
Brothers + Company,Run,Take This Love,spotify:track:74ehQPUbiEVkUM0UdmkVzc
Pomme,les failles,grandiose,spotify:track:3NakEPSaVKsqqimJW66xCc
Skizzy Mars,The Red Balloon Project,Time (feat. G-Eazy & Olivver the Kid),spotify:track:1UmqCjLXjTwPmuTeaopDQh
Namita Choudhary,Chaap Tilak,Chaap Tilak,spotify:track:0XCtRvfDHT98h0iUSDFtyO
BoyWithUke,IDGAF,IDGAF (with blackbear),spotify:track:1nIO7R7447n8aWH4QmFBHC
Vance Joy,Dream Your Life Away,Riptide,spotify:track:3JvrhDOgAt6p7K8mDyZwRd
Nicky Youre,Sunroof,Sunroof,spotify:track:3RfTeIrWS8LNrfHYwechtt
Labrinth,Euphoria (Original Score from the HBO Series),Formula,spotify:track:6EtKlIQmGPB9SX8UjDJG5s
Noah Cyrus,Again (feat. XXXTENTACION),Again (feat. XXXTENTACION),spotify:track:2S2od3hT7ceytw7d1pTRuE
Metro Boomin,NOT ALL HEROES WEAR CAPES,Space Cadet (feat. Gunna),spotify:track:1fewSx2d5KIZ04wsooEBOz
Kids In America,Summer of Love,Summer of Love,spotify:track:1KbTuqLQFreQpsrbF6tn1R
The Weeknd,After Hours,Hardest To Love,spotify:track:6kWxIqQDsKFYCJGbU4AjCX
Hasan Raheem,SHE,Aarzu,spotify:track:0VRTOe8RLdpE2Pl557PCno
The Tamaashbeens,Singles,Razayi,spotify:track:2xUUT3uDkvpxiuGBWLUsSv
Imanbek,I'm Just Feelin' (Du Du Du),I'm Just Feelin' (Du Du Du),spotify:track:73ThEGwF5i9GrsXXGyZBRa
HVME,Goosebumps,Goosebumps,spotify:track:20McUFi8KCIVdNDLrkTDuZ
"merci, mercy",Why'd You Only Call Me When You're High?,Why'd You Only Call Me When You're High?,spotify:track:7GzmBQVPlJ9blD0Qb7Dbq8
RAYE,Euphoric Sad Songs,Regardless,spotify:track:3DTqHfTGj1c6y2gDXsTez4
Bastille,Bad Blood,Pompeii,spotify:track:3gbBpTdY8lnQwqxNCcf795
PJ Harvey,Red Right Hand,Red Right Hand - From 'Peaky Blinders' Original Soundtrack,spotify:track:0E0ZAWynZx0CutIg4rb8q3
Sune Rose Wagner,Altered Carbon (Original Series Soundtrack) [Deluxe],Let My Baby Ride,spotify:track:6DF5tZ8H0JIk6GHxdLSWiT
Post Malone,beerbongs & bentleys,rockstar (feat. 21 Savage),spotify:track:0e7ipj03S05BNilyu5bRzt
Nusrat Fateh Ali Khan,Best of Ustad Nusrat Fateh Ali Khan,Chaap Tilak Sab Cheen,spotify:track:3bd4ge8KHgWggvYMJFFHKV
Fareed Ayaz Abu Muhammad Qawwal,"Mehfil E Samaa, Vol. 3",Chaap Tilak,spotify:track:1M1HJZOQsAbk3ecF3FE8kG
Majid Jordan,Caught Up (feat. Khalid),Caught Up (feat. Khalid),spotify:track:1opARDDYaOeE1QUdwXmBGu
Journey,80s 100 Hits,Don't Stop Believin',spotify:track:3HRQtRUYnnuZY7fE900XtJ
Creedence Clearwater Revival,Green River,Bad Moon Rising,spotify:track:20OFwXhEXf12DzwXmaV7fj
The Weeknd,Dawn FM,Best Friends,spotify:track:78kBfiOIowbBQ96iQGQCl8
Nusrat Fateh Ali Khan,Body and Soul,Barsoon Kay Intizar Ka,spotify:track:1QZnpSnrAbD6NUmbpO2UHL
Yoke Lore,Goodpain,Beige,spotify:track:0FfZudphGgQTGeEV6AhmOs
Hozier,Hozier (Expanded Edition),Jackie and Wilson,spotify:track:4JpazKcfOhbwqZrsYhzHee
4*TOWN (From Disney and Pixar’s Turning Red),Nobody Like U,"Nobody Like U - From ""Turning Red""",spotify:track:6WdfqDzpz3XkvMSlPVc0U8
The Weeknd,After Hours,Scared To Live,spotify:track:4BGZF4oLbTL0pWm7C18pbv
The Weeknd,Dawn FM,Don’t Break My Heart,spotify:track:3LAJkm4BFdM6Qx5vhmLxsN
Glass Animals,Dreamland,Space Ghost Coast To Coast,spotify:track:1mvWUzig2lE0QGmvSZdnnR
Vansire,Metamodernity,Metamodernity,spotify:track:61GiMDN1kUiEQK6zHGMdnx
Ramin Djawadi,Westworld: Season 1 (Music from the HBO Series),"Paint It, Black",spotify:track:6rSVuRt7xl4GsEQv4tphSl
Camila Cabello,Don't Go Yet,Don't Go Yet,spotify:track:1058fW9H3fZA6QjYCdOBad
Prateek Kuhad,"Kasoor (From ""Dhamaka"")","Kasoor (From ""Dhamaka"") - Acoustic",spotify:track:7mJdz7uNv3jgVSIMkSf8ca
Hozier,Hozier (Expanded Edition),Work Song,spotify:track:5TgEJ62DOzBpGxZ7WRsrqb
renforshort,virtual reality,virtual reality,spotify:track:7wWqAGY1k2cr1ntffgBBH1
The Weeknd,Dawn FM,Out of Time,spotify:track:5pzEL5TSvnT36z8fnMuyJL
Childish Gambino,Kauai,Sober,spotify:track:5NhlpQ6BOIz3S5welptk1W
The Cardigans,First Band On The Moon,Lovefool - Radio Edit,spotify:track:0u4htORODiTK9vHVA89MQX
blackbear,@ my worst,@ my worst,spotify:track:0mHGftgYtmpH4y17T3VZ2E
Fareed Ayaz Abu Muhammad Qawwal,Annual Festival - March 2007,Ghar Nari Ganwari,spotify:track:4vMsuKK8IpCrauhaQ941II
Abdullah Siddiqui,GO,GO,spotify:track:6NEEbZXla00cRzXErdNZ6k
Julia In Red,Galaxy Dreaming,Luv Nw,spotify:track:2vWNU4PYzxvC0Sq3MZ8O7z
Raihan,The Spirit of Shalawat,Tola'al Badru,spotify:track:1aOo6ZkQCMmKXyjirZubee
Taba Chake,Blush,Blush,spotify:track:6IjeHG6oLIkZeSq2SMEAtd
Pritam,Dum Maaro Dum,Jiyein Kyun,spotify:track:0up9rhm9qt2LW7cnoDFCMk
Kings Cross Stringband,Row Me Bully Boys,Row Me Bully Boys,spotify:track:4M8KqCrBafWw7UfugjZ8ln
Wallows,Nothing Happens,Are You Bored Yet? (feat. Clairo),spotify:track:57RA3JGafJm5zRtKJiKPIm
Prateek Kuhad,Just A Word,Just A Word,spotify:track:4iP7HF6dhCmvXOk6pHnX9u
Labrinth,Imagination & the Misfit Kid,Mount Everest,spotify:track:1ZdhOMWyFR8Iv9eylMGYg2
Ansel Elgort,Supernova,Supernova,spotify:track:2ZIZXWnU52s0C75sPYiwvh
Prateek Kuhad,Kasoor,Kasoor,spotify:track:08kTa3SL9sV6Iy8KLKtGql
DJ Khaled,GREECE (feat. Drake),GREECE (feat. Drake),spotify:track:35RJhm1pEovTBwnNR0zWad
Social House,Magic In The Hamptons (feat. Lil Yachty),Magic In The Hamptons (feat. Lil Yachty),spotify:track:2Yer0p7uB2lVBUAtANuuQp
Elton John,Rock Of The Westies,Don't Go Breaking My Heart,spotify:track:5nPdMALTEd7HOjn16oNf2X
Qari Waheed Zafar Qasmi,"Gulzar e Madina, Vol. 2",Qasida Burda Sharif,spotify:track:2zsQKhZhWNUxY5YCKSxjoS
Hadiqa Kiani,Roshni,Boohey Barain,spotify:track:3rm4fbWPpW7S0Mwka131vb
Jonas Brothers,What A Man Gotta Do,What A Man Gotta Do,spotify:track:4wNIkl5XGiAACjFBlDWuSd
Hasan Raheem,Kya Kahun,Kya Kahun,spotify:track:1DTyh9DlzFvtobjJTPaR0B
Nusrat Fateh Ali Khan,Shahbaaz,Dhyahar-Eh-Ishq Meh,spotify:track:1ne7VeZlEvLtupOPaq8Yx6
Atif Aslam,Mustafa Jaan-E-Rehmat,Mustafa Jaan-E-Rehmat,spotify:track:1QSZGKtQ35ZIpU7cPseaa9
Nusrat Fateh Ali Khan,30 Greatest Hits Rahat and Nusrat Fateh Ali Khan,Sanu Ek Pal Chain Na Aawe,spotify:track:46QBWRo5ar8B3pGjgAOANI
WILLOW,ARDIPITHECUS,Wait a Minute!,spotify:track:0y60itmpH0aPKsFiGxmtnh
Rahat Fateh Ali Khan,Ishqiya,Dil To Bachcha Hai,spotify:track:3EFGRGsshk0NWidcXfhKvw
Travis Scott,Goosebumps,Goosebumps - Remix,spotify:track:5uEYRdEIh9Bo4fpjDd4Na9
Swae Lee,Shang-Chi and The Legend of The Ten Rings: The Album,In The Dark (with Jhené Aiko),spotify:track:0zaoWwS8RpE3LSDdmkg8TC
Dayglow,Fuzzybrain,Hot Rod,spotify:track:0zePbRMJ9sd7wsZRlbPQua
Kid Cudi,Entergalactic,Willing To Trust (with Ty Dolla $ign),spotify:track:1OFQT3lHGbnn3x9jPtagXk
Tori Amos,Little Earthquakes,Smells Like Teen Spirit - 2015 Remaster,spotify:track:1kWqRB6PHLM9QTfaXuHpIV
H.E.R.,Comfortable,Comfortable,spotify:track:3f3cliOygeuUpGRwdohy12
Nusrat Fateh Ali Khan,My Top 50 Qawwalies,Tumhain Dillagi Bhool Jani Paray Gi,spotify:track:5emRxq4oACZeHNuUhw09XV
Hozier,"Wasteland, Baby!",Would That I,spotify:track:37zuIvk4KBkAxxLJsxJaHq
Hozier,Hozier (Expanded Edition),Like Real People Do,spotify:track:57V4uc2b2diZ4RPHXWecb9
Khanvict,Kahani,Turiya Turiya,spotify:track:1F6QRDyVmsTu3rBdeo78mY
Fareed Ayaz Abu Muhammad Qawwal,"From Pakistan With Love, Vol. 1",Mere Baney Ki,spotify:track:12AhPYjDne2IIg8DOj47lc
Riz Ahmed,The Long Goodbye,Toba Tek Singh,spotify:track:40YF7t5DgNQBXsrul31hdr
Haiden,Can't Hurt Me,Can't Hurt Me,spotify:track:4BCAXwVHdlX8xivo58czJH
Giveon,When It's All Said And Done... Take Time,Heartbreak Anniversary,spotify:track:27tDoZsybt3KvJWTDoW9id
Anuv Jain,Gul,Gul,spotify:track:0NLkVxf0PyxsXBG3EuZcJf
Bayaan,4 Saal,Nahin Milta,spotify:track:0cUdmruT6kjxa5KpteSdwc
dhruv,rapunzel,double take,spotify:track:0QzuaeCEEOV40Pn7IvKEny
Julia Michaels,Jump (with Trippie Redd),Jump (with Trippie Redd),spotify:track:2OvV4NjEBRE9v8Oo7QeUCq
Riz Ahmed,The Long Goodbye,Where You From,spotify:track:1rZ4MbM8b3Q7crFW4j0KfI
Hozier,Nina Cried Power - EP,NFWMB,spotify:track:2iQYqdalv245vrCEM4W9N9
Paul Anka,Sings His Favorites,Put Your Head on My Shoulder,spotify:track:7eqNATKM78MkWP6aHGXHEV
Drake,If You're Reading This It's Too Late,Jungle,spotify:track:7JXZq0JgG2zTrSOAgY8VMC
NOISY,So What?,So What?,spotify:track:73W043sEjYgdXLtA1iEFug
Maddie & Tae,Spotify Singles,Watermelon Sugar (featuring Avenue Beat),spotify:track:6pPD1k342KK4fMU6xPHufi
Dayglow,Close To You,Close To You,spotify:track:4ReJJcpW8HtVnqzhf6DwNV
The Paper Kites,Woodland - EP,Bloom - Bonus Track,spotify:track:41yIvlFgvGwxq8qTqAR7eG
Osho Jain,Wahaan,Khud Se,spotify:track:5hL9yKGJAMUxfwsjFnJ0aR
Glass Animals,Dreamland,Hot Sugar,spotify:track:3bPhqdsxSoNrDkDPOWWRZM
NF,The Search,The Search,spotify:track:3oLe5ZILASG8vU5dxIMfLY
Faris Shafi,Nazar,Nazar,spotify:track:0U1CGHIqvoWbgCX5x4tKs6
Nerina Pallot,Hold On,Love Will Tear Us Apart,spotify:track:7qOiwhfmi3EwtujZNKTrgL
Vince Staples,RAMONA PARK BROKE MY HEART,MAGIC,spotify:track:7jN5Abri3a1crehbnlWa1F
WORMONO,Laaree Chootee,Laaree Chootee,spotify:track:0HnbfIzOu6eLF8Kb1mT9Wl
The 1975,A Brief Inquiry Into Online Relationships,Love It If We Made It,spotify:track:6WmIyn2fx1PKQ0XDpYj4VR
salem ilese,PS5 (with TOMORROW X TOGETHER & Alan Walker),PS5 (with TOMORROW X TOGETHER & Alan Walker),spotify:track:7xNCacksfUkYXsXuSW4vNF
Invadable Harmony,The Dream Weaver,Blinding Lights,spotify:track:5c4jAWZ2Fzd5baZyuYURY4
JVKE,Upside Down,Upside Down,spotify:track:614OkajfRPH8V0ugNQnduP
Justin Bieber,Changes,All Around Me,spotify:track:5Py8zRKGkZvgHniVVtvNCN
Glass Animals,Dreamland,Heat Waves,spotify:track:1sC2aPRap0IAPocPJR1Wbr
The Local Train,Vaaqif,Mizaaj,spotify:track:0PivOoKM1sECNTsZ7K6N3h
Bishop Briggs,Church Of Scars,River,spotify:track:3mRLHiSHYtC8Hk7bzZdUs1
AnnenMayKantereit,Tom's Diner,Tom's Diner,spotify:track:0oA9wBGDY4uyILLg4GymWP
Glass Animals,Dreamland,Domestic Bliss,spotify:track:2ppmG1g7AD9xxphHmhjg8N
Shamoon Ismail,Scars & Screws,Faasla,spotify:track:3TB0OtQMzrPoNcmXfUMVzC
Adele,21,Rolling in the Deep,spotify:track:1eq1wUnLVLg4pdEfx9kajC
blackbear,i feel bad,i feel bad,spotify:track:1woVRb6gryP7hsMvBkiIzj
Asha Bhosle,Gharana (Original Motion Picture Soundtrack),Mere Banne Ki Baat Na Poochho,spotify:track:1eMYQ5Ai14KLCNaWL2lveb
Hippie Sabotage,Providence,Devil Eyes,spotify:track:7MiZjKawmXTsTNePyTfPyL
Drake,"Honestly, Nevermind",Jimmy Cooks (feat. 21 Savage),spotify:track:3F5CgOj3wFlRv51JsHbxhe
Taylor Swift,folklore,cardigan,spotify:track:4R2kfaDFhslZEMJqAFNpdd
Taylor Swift,evermore,willow,spotify:track:3Uo7WG0vmLQ07WB4BDwy7D
GASHI,GASHI,Roses,spotify:track:6qc5EODnUU7XX4zn8B4c89
Swedish House Mafia,Lifetime,Lifetime (with Ty Dolla $ign & 070 Shake),spotify:track:3zQpGaH50HeMjxurMZVF6q
Florence + The Machine,MTV Presents Unplugged: Florence + The Machine,"Shake It Out - MTV Unplugged, 2012",spotify:track:5cboXDVjQ26ajNceiv8i45
Jeff Russo,Altered Carbon (Original Series Soundtrack) [Deluxe],The Next Screen (Bonus),spotify:track:3l4zwQMqSOx0a6HbIich8X
Noah Cyrus,July (feat. Leon Bridges),July (feat. Leon Bridges),spotify:track:3V0nnQhqvbE3JmiDdnzQFQ
Simply Three,Wildest Dreams,Wildest Dreams,spotify:track:5k7vgX9oWJzVZrMqooTHy7
Riz Ahmed,The Long Goodbye,Ammi: Come Home,spotify:track:6xahNecP64iCaXEeIo48VW
Fareed Ayaz Abu Muhammad Qawwal,"Mehfil E Samaa, Vol. 1",Meray Banay Ki Baat,spotify:track:4aHsGpwytNOnmvJoTD6yuD
Niall Horan,Nice To Meet Ya,Nice To Meet Ya,spotify:track:3cphb8kdsjElYR7r5icK3H
Meek Mill,Championships,Going Bad (feat. Drake),spotify:track:2IRZnDFmlqMuOrYOLnZZyc
blackbear,deadroses,4u,spotify:track:1XcXhu1X0xBFMDFyq0b7Ue
¿Téo?,Sol,What's On Ur Mind,spotify:track:1bVc0bHh3nrsaWtWZPFMqY
Nusrat Fateh Ali Khan,Immortal Collection of Nusrat,Sanu Ek Pal Chain Na Aawe,spotify:track:3Yfpl9blCcKLU7uULSQWJU
Drake,Pop Style,Pop Style,spotify:track:23NWj2izXAJ4yL6Nah73wf
Zohaib Kazi,Coke Studio Season 11,Hum Dekhenge,spotify:track:4rP97uZJ2DdqIGPIvVyeiO
Raleigh Ritchie,Time in a Tree,Time in a Tree,spotify:track:69n5plRIWxMH7diq0UYFPg
Elley Duhé,MIDDLE OF THE NIGHT,MIDDLE OF THE NIGHT,spotify:track:58HvfVOeJY7lUuCqF0m3ly
Leonardo Reyes,Hits,Blinding Lights,spotify:track:763nb3EOeLEeJsELNuel1b
Glass Animals,Dreamland,Your Love (Déjà Vu),spotify:track:3NAGZe9GWtE8Nvfj6huEzE
Jaymes Young,What Is Love,What Is Love,spotify:track:6CIff9z94pPApi2i3k2lq1
Hadiqa Kiani,"Wajd, Vol. 1",Chaap Tilak,spotify:track:5CfRvzHJ79AYTudLzMcTlp
Surf Mesa,ily (i love you baby) (feat. Emilee),ily (i love you baby) (feat. Emilee),spotify:track:62aP9fBQKYKxi7PDXwcUAS
Paravi,Cloud 9,Cloud 9,spotify:track:0Qj4YyHTtV01Fvfl2fibea
DJ Khaled,WE GOING CRAZY (feat. H.E.R. & Migos),WE GOING CRAZY (feat. H.E.R. & Migos),spotify:track:39TaDkZ8WUtVLgvVjGSdPd
NF,CLOUDS (THE MIXTAPE),CLOUDS,spotify:track:1mvI5pGoh84IiFSbWxEkGH
Frank Sinatra,The Classic Christmas Album,Let It Snow! Let It Snow! Let It Snow! (with The B. Swanson Quartet),spotify:track:0SUKNXEqZnRw7g0NO139FM
Billie Eilish,"WHEN WE ALL FALL ASLEEP, WHERE DO WE GO?",all the good girls go to hell,spotify:track:6IRdLKIyS4p7XNiP8r6rsx
DRAM,Gahdamn!,Caretaker (feat. SZA),spotify:track:4XQQovRSltOGWevTCgacXY
Nusrat Fateh Ali Khan,Ustad Nusrat Fateh Ali Khan,Tujh Mein Hai Rab Dikhta - Complete Original Recording,spotify:track:0j4cCrKkMxuN6gBpGc4N2g
The Weeknd,In Your Eyes,In Your Eyes (with Doja Cat) - Remix,spotify:track:0UnTaVkntyh3vqvLEvbpQx
Clairo,diary 001,Hello?,spotify:track:7qwt4xUIqQWCu1DJf96g2k
Watson,All Falls Down,All Falls Down,spotify:track:2ZQAI1UeXtUWMUX2hl1hYb
Maria Mena,Cause and Effect,I Was Made for Loving You,spotify:track:4KRTc3Gp9LLfMktZ7Xe7U1
Glass Animals,Dreamland,Your Love (Déjà Vu),spotify:track:47lpupacjEhBmjgGj1dU9a
Eminem,Relapse [Deluxe],Bagpipes From Baghdad,spotify:track:5SyedOgBgBwH41jSHfwBy9
Himonshu Parikh,Katputli Ke Dhaage,Katputli Ke Dhaage,spotify:track:520NVZmA0cXVRrUUg0hOsc
Olivia Rodrigo,deja vu,deja vu,spotify:track:61KpQadow081I2AsbeLcsb
Asim Azhar,Ghalat Fehmi,"Ghalat Fehmi - From ""Superstar""",spotify:track:5mnvugwfFYnJm9zuyGkgqF
The Weeknd,After Hours,After Hours - The Blaze Remix,spotify:track:543YcSR2dHRtlqg0wJ5cFv
The Weeknd,After Hours,Too Late,spotify:track:2K9Ovn1o2bTGqbsABGC6m3
Falak Shabbir,Latest Songs Of Ayushmann Khurrana,Mera Mann Kehne Laga,spotify:track:1ai3itvPFcWilE9NX0JTCf
Russ,Are You Entertained (feat. Ed Sheeran),Are You Entertained (feat. Ed Sheeran),spotify:track:5bLGQqcpsz5ISWeihZfJnR
Amber Run,5AM (Expanded Edition),I Found,spotify:track:5zT5cMnMKoyruPj13TQXGx
Hippo Campus,Landmark,way it goes,spotify:track:75jHGZkVYcbLDlS1SQkWgz
Cage The Elephant,Tell Me I'm Pretty,Cold Cold Cold,spotify:track:1Q3t9fWvHUXKsMmpD2XpUu
Ava Max,My Head & My Heart,My Head & My Heart - Jonas Blue Remix,spotify:track:7x74XLYJqptDCmY4y3FaVh
The Neighbourhood,Chip Chrome & The Mono-Tones (Deluxe),Stargazing,spotify:track:0VF7YLIxSQKyNiFL3X6MmN
Post Malone,Hollywood's Bleeding,Circles,spotify:track:21jGcNKet2qwijlDFuPiPb
Hassan & Roshaan,Chaar Dinon Ka Khwaab,Doobne De (Reprise),spotify:track:5wCXwpUnp9Yz56dfqi4gNA
Nusrat Fateh Ali Khan,Best Urdu Qawwalies,Ankh Uthi Mohabbat Ne,spotify:track:2GR4SBWPssc9JN4C0fQKEg
Mt. Joy,Mt. Joy,Jenny Jenkins,spotify:track:7I0Ep2xYqltHpke3Kg0WPT
Marshmello,Numb,Numb,spotify:track:10xV5l9nhLvFpR8mqzs0bL
Carmen Goett,La Llorona,La Llorona,spotify:track:2TEK053VG4TNxYkIWL3NfW
Lost Frequencies,Where Are You Now,Where Are You Now,spotify:track:3uUuGVFu1V7jTQL60S1r8z
FINNEAS,Spotify Singles,Medieval - Spotify Singles,spotify:track:2WtXFUMBeHogKEMQnzQ78e
George Ezra,Staying at Tamara's,Shotgun,spotify:track:4ofwffwvvnbSkrMSCKQDaC
Khalid,American Teen,Location,spotify:track:152lZdxL1OR0ZMW6KquMif
Hasan Raheem,Darr,Darr,spotify:track:1X0EvxEOVADp4CkExIU6Dy
MEDUZA,Piece Of Your Heart,Piece Of Your Heart,spotify:track:5p1ex0pXv6jSPJ6QbumQpD
David Alexander,Crazy,Crazy,spotify:track:77QrmJAISNg6ZRGikScJlC
ABBA,Voulez-Vous,Gimme! Gimme! Gimme! (A Man After Midnight),spotify:track:7r5bS08R8d0jZuDZutVeHQ
Rozeo,Fitoor,Fitoor,spotify:track:59JAyLDknHxl9PPWwdXFqM
John Newman,Tribute,Love Me Again,spotify:track:5VSCgNlSmTV2Yq5lB40Eaw
Jal -The Band,Aadat,Lamhay,spotify:track:2jU0vqjU22JCRXYLTcSrKs
Kina,Get You The Moon (feat. Snøw),Get You The Moon (feat. Snøw),spotify:track:4ZLzoOkj0MPWrTLvooIuaa
Arctic Monkeys,Live at the Royal Albert Hall,Why'd You Only Call Me When You're High? - Live,spotify:track:1VUcb7Ik5bYw0SzXBH9rLr
Joel Sunny,Love Nwantiti (Violin),Love Nwantiti (Violin),spotify:track:2XXsWvhSIBzpeQ0c3NRm7f
Ludwig van Beethoven,Beethoven Greatest Hits,"Für Elise, WoO 59",spotify:track:6MQAB3vorg90FA3tQpbYXK
twocolors,Lovefool,Lovefool,spotify:track:51Of5p3lKZeOg6itfs4og4
Panic! At The Disco,Death of a Bachelor,House of Memories,spotify:track:2DgdHcjWmO3qd50RzuBLgZ
Mohit Chauhan,Anjaana Anjaani,Tujhe Bhula Diya,spotify:track:4r8JqkhpTb5tzSKKHnVJIJ
Maanu,Yain City,Pak Sar Zameen,spotify:track:0e2Kcqlh55NN9MNqGYHOLg
Eurythmics,Sweet Dreams (Are Made Of This),Sweet Dreams (Are Made of This) - Remastered,spotify:track:1TfqLAPs4K3s2rJMoCokcS
Nusrat Fateh Ali Khan,Best 50 Sufi Qawwali Hits,Aaj Rung Hai,spotify:track:51A88LKAphHAg6o2J5dLY9
All Time Low,Blinding Lights,Blinding Lights,spotify:track:2fx0rkeRamaGtmtA5QVkuy
Neha Bhasin,Chitta Kukkad - Single,Chitta Kukkad,spotify:track:20lOkTejknlhjfhBnVzzN6
YCK,Lowkey II,Lowkey II,spotify:track:6V2hS0icfQfgC4pzKogJo4
Ritviz,Liggi,Liggi,spotify:track:4vwPirpSJCOiIsgxMV4Xcv
AURORA,All My Demons Greeting Me as a Friend,Runaway,spotify:track:0TCmhnbMpw5zwPsTvlXTJi
Dominic Fike,What Could Possibly Go Wrong,Vampire,spotify:track:0SRPuTnr5QOKRoIxMvvlgK
Hasan Raheem,Nautanki,Kaleji,spotify:track:3ZQWPz5ggiFgRPHrpQ2doQ
Glass Animals,Dreamland,Tokyo Drifting,spotify:track:4l6KwZ6QmrjK3GHFd9Cr7i
Gealdýr,Sær,Jörmungandr,spotify:track:5eekOqS9Al1WFTygqSdtRY
SEB,seaside_demo,seaside_demo,spotify:track:73M0rMVx5CWE8M4uATSsto
Tall Heights,Neptune,Spirit Cold,spotify:track:1vG6jMgSoqT3zG9tuDrL2E
Sabrina Claudio,About Time,Belong to You (feat. 6LACK),spotify:track:2I88NEWpKrAPZuapXNV5G6
The Raconteurs,Broken Boy Soldiers,Broken Boy Soldier,spotify:track:3sHbegiNDtJ24gAxthAvbO
The Fray,Helios,Love Don't Die,spotify:track:6IDDwI0YOCAUDhMZltQekS
Hozier,Hozier (Expanded Edition),Cherry Wine - Live,spotify:track:1C042FLYy7rP3MfnkOcnha
remy,a little bit won't kill you but a lot of it sure will,a little bit won't kill you but a lot of it sure will,spotify:track:0BYH5Od9fvSFPvpIhD3DlU
dhruv,rapunzel,moonlight,spotify:track:2Qn6WHJrY5Im82Jux8FboH
Abi Sampa,Rang,Rang,spotify:track:6IDdsMYRvj3ljsP7jj9wlK
flora cash,"Baby, It's Okay",You're Somebody Else,spotify:track:6iWEhoALoBFnQMNVhYY0Sc
Prateek Kuhad,cold/mess,cold/mess,spotify:track:7uhINGViZPygI2AljxO8KN
"Earth, Wind & Fire",Raise!,Let's Groove,spotify:track:3koCCeSaVUyrRo3N2gHrd8
Johnny Cash,American V: A Hundred Highways,God's Gonna Cut You Down,spotify:track:6RFkVsPmrM4pzlDkFswwJl
Abida Parveen,Ishq Mastana,Main Nara-a-mastana,spotify:track:49iFkcYxjhgp0rUjSp55Hx
Ava Max,Freaking Me Out,Freaking Me Out,spotify:track:7uYIX9O9DY6l1D3HiwHR1J
Dan Auerbach,Keep It Hid,The Prowl,spotify:track:6KmSpuVSuYBvut7zb1e0ys
Hozier,Hozier (Expanded Edition),Take Me to Church,spotify:track:1CS7Sd1u5tWkstBhpssyjP
Giant Rooks,Wild Stare,Wild Stare,spotify:track:2SClPoLfPJmwrr3EyfgRTS
Hadiqa Kiani,"Wajd, Vol. 1",Rung,spotify:track:7hITVKrh3ZYak0oQhHJZQM
Fareed Ayaz Abu Muhammad Qawwal,"Greatest Hits, Vol. 1",Meray Banay Ki Baat,spotify:track:7qNxNXc0NmsFsdOLdZcawR
Michael Brook,Night Song,"My Heart, My Life",spotify:track:51kDnf9dngc5G01ncfKc9K
Riz Ahmed,The Long Goodbye,Any Day,spotify:track:7s3HTvGXxHM6bhMlxjYolQ
Justin Bieber,Justice,Peaches (feat. Daniel Caesar & Giveon),spotify:track:4iJyoBOLtHqaGxP12qzhQI
Kid Cudi,Entergalactic,My Drug,spotify:track:6MQuFi8gzoJAYwxkYvnbb1
The Score,Carry On,Can You Hear Me Now,spotify:track:027qrQMWGsHo13amwdaBkI
Biryani Brothers,Ikisvi Sadi,Ikisvi Sadi,spotify:track:1w36qiuGc8Ui96uPxmN25A
Loi,Blinding Lights,Blinding Lights,spotify:track:0cQJGoRki2avKVodXEmr0d
Nusrat Fateh Ali Khan,Anthology - Nusrat Fateh Ali Khan,Aaj Rang Hai Ree Maan Hai Ree More Khwaja Ke Ghar Rang Hai Ree,spotify:track:5rG647coxeVk4yQ5npcISe
Hozier,"Wasteland, Baby!",Dinner & Diatribes,spotify:track:5tCtCqWcXBf7eoIunSxlO8
Salor,Coffee Bean,Coffee Bean,spotify:track:5fogsBq60cWKmSvbSJAZaW
Miller Blue,Rhythm in the Dance / Redbone,Redbone - Mahogany Sessions,spotify:track:1hLUzIRuUFCL0iwlDAzOVu
Prateek Kuhad,Tere Hi Hum,Tere Hi Hum,spotify:track:1TkyDEdjiUuYhoMkxdZCiO
J. Cole,2014 Forest Hills Drive,No Role Modelz,spotify:track:62vpWI1CHwFy7tMIcSStl8
Jessica Ricca,Hey It’s Delilah (Plain White T's Cover),Hey It’s Delilah (Plain White T's Cover),spotify:track:7iQAUulHOCpy20Io4CPAL0
Quinn XCII,A Letter To My Younger Self,Stacy,spotify:track:07ZQLYn9x4x3L3vxStc1zr
The Walters,I Love You So,I Love You So,spotify:track:4SqWKzw0CbA05TGszDgMlc
Ty Dolla $ign,Featuring Ty Dolla $ign,Spicy (feat. Post Malone),spotify:track:5IUtvfNvOyVYZUa6AJFrnP
Fareed Ayaz Abu Muhammad Qawwal,"Greatest Hits, Vol. 2",Ghar Nari Gawari,spotify:track:59otpKqzYoYdUbj69YUVLa
Danheim,Herja,Atgeir,spotify:track:1XAV6ZiIT6aBRRpVSAHTd0
Pitbull,Planet Pit (Deluxe Version),"Give Me Everything (feat. Ne-Yo, Afrojack & Nayer)",spotify:track:4QNpBfC0zvjKqPJcyqBy9W
Marianas Trench,Ever After,Desperate Measures,spotify:track:6JikuKcWFuPPC4MyKfvkHQ
Rovalio,Iraaday,Iraaday,spotify:track:6qrifdo7QINdPQr80IelGi
Dimitri Vegas & Like Mike,Too Much,Too Much,spotify:track:4m9HfhURlzkhM8kK4SqTqM
Kailash Kher,Javeda Sufiaana,Teri Deewani,spotify:track:3SmSv2sa0hvzxKLXZz4iVk
The Tokens,Both Sides Now,The Lion Sleeps Tonight,spotify:track:5X6VbizePQKSnt55YWWyGS
Matt Johnson,Blinding Lights,Blinding Lights - Acoustic,spotify:track:0AnCfsyN0FGqehGdJYggaN
Drake,0 To 100 / The Catch Up,0 To 100 / The Catch Up,spotify:track:4jtyUzZm9WLc2AdaJ1dso7
Ankur Tewari,Gully Boy,Jeene Mein Aye Maza,spotify:track:33HXbggKvIitg7y3UBhNfn
Nusrat Fateh Ali Khan,"Best of Nusrat Fateh Ali Khan, Vol. 3",Aaj Rang Hai,spotify:track:0WBkJWrLbVX44VXTg0fVtz
The Beach Boys,The Very Best Of The Beach Boys: Sounds Of Summer,Kokomo,spotify:track:5qHYXcVvc9xsFB2uH7GpMN
Cheriimoya,"Living Life, In The Night","Living Life, In The Night",spotify:track:2kx5sQgmjYug0GiDh1a4sU
Nusrat Fateh Ali Khan,Ustad Nusrat Fateh Ali Khan,Sochta Hoon Keh Woh Kitne Masoom Teh - Complete Original Recording,spotify:track:7GIzQFxHdON9BXJXea86pv
The Tamaashbeens,Singles,Lighter machis,spotify:track:0qtUfrAsXBUdTL0Kx7qYm7
The Weeknd,Kiss Land,Kiss Land,spotify:track:5idmfDT06TjCQ1SPDsa5qh
Jimmy Khan,Chan Kithan,Chan Kithan,spotify:track:5MO6k0kveHCQboK4R6aunm
blackbear,queen of broken hearts,queen of broken hearts,spotify:track:1YaLBadQjS701ZLZRGjPMX
Sean Paul,Tomahawk Technique,She Doesn't Mind,spotify:track:1zZIGnXIcDKU8QIUkR20nK
Dave Swarbrick,Swarbrick / Swarbrick II,The Swallows Tail / Rakes of Kildare / Blackthron Stick,spotify:track:4175M4IHnw4xDqZB9gOWFw
Hasan Raheem,Nautanki,Peanut Butter,spotify:track:6DULqMlVA3TBjhl5gxnTp1
Advait,Tu Hai Kahaan?,Tu Hai Kahaan?,spotify:track:3PbTavZmyYwMWqYsAC44id
Chase Atlantic,Nostalgia,Friends,spotify:track:2jQiSYrwJehQAcuaaQrXnS
Hozier,"Wasteland, Baby!","Wasteland, Baby!",spotify:track:1HYnjKqSSHh1tdl2Hi57zH
Shabnam Majeed,Supreme Ishq Anarkali,Sada Hoon Apne Pyar,spotify:track:7zfWzD35I0iE9CmnsKiU74
Danheim,Ivar's Revenge (Danish Viking Music),Ivar's Revenge (Danish Viking Music),spotify:track:09EA4enOk1gBwSEgsxaGkn
DVBBS,West Coast (feat. Quinn XCII),West Coast (feat. Quinn XCII),spotify:track:4fCE1SCDulouoac9Q8XroU
Aziz Mian,Greatest Hits Of Aziz Mian Vol -2,Teri Soorat ( Main Sharabi Sharabi ),spotify:track:760aj6eKUUjKcnzt8nhB81
Teddy Swims,Blinding Lights,Blinding Lights,spotify:track:66aMnwdhkEc1V0AAnyYchX
DripReport,Skechers,Skechers,spotify:track:2alc8VZAzDgdAsL2QMk3hu
Emotional Oranges,The Juice: Vol. I,Personal,spotify:track:5jrr4qdmd6jmstVgHxCXMO
Gorgon City,Escape,One Last Song,spotify:track:705VoqUPldtYc1crZv5oeB
The Neighbourhood,Wiped Out!,Daddy Issues,spotify:track:5E30LdtzQTGqRvNd7l6kG5
Nizami Brothers,"Global Sufi, Vol. 1",Mere Banne Ki Baat,spotify:track:79gkupPwckmzt2wd6iySoq
Quinn XCII,A Letter To My Younger Self,Am I High Rn (feat. blackbear),spotify:track:1db6ixe9nX6cqt2V1DYZnW
BoyWithUke,IDGAF,IDGAF (with blackbear),spotify:track:6Jrdb6CFOJEGaHjaa6c4WR
Mr.Kitty,Time,After Dark,spotify:track:2LKOHdMsL0K9KwcPRlJK2v
Hassan & Roshaan,Chaar Dinon Ka Khwaab,Ishq Bina,spotify:track:2Ex6KWRTPvHtRveKdxc5gC
G-Eazy,The Beautiful & Damned,Him & I (with Halsey),spotify:track:5k38wzpLb15YgncyWdTZE4
Less Is More,Cool Kids/Riptide (Originally Performed by Echosmith and Vance Joy),Cool Kids/Riptide (Originally Performed by Echosmith and Vance Joy),spotify:track:5jtbbkTh7x4UeMVAvF2KaI
Grouplove,Never Trust a Happy Song,Tongue Tied,spotify:track:0GO8y8jQk1PkHzS31d699N
Years & Years,Communion,Desire,spotify:track:20ouJW3BTG6aFAugslihCw
Yashraj,Galat / Sahi,Galat / Sahi,spotify:track:1QtD4zdke0HDhS92yyFSRL
Bayaan,Suno,Teri Tasveer,spotify:track:4iBIFGEGJ0I5ezZZ6VXYp7
Paloma Faith,A Perfect Contradiction,Only Love Can Hurt Like This,spotify:track:62ke5zFUJN6RvtXZgVH0F8
Melanie Martinez,Cry Baby,Mad Hatter,spotify:track:5gWtkdgdyt5bZt9i6n3Kqd
The Fratellis,We Need Medicine,She's Not Gone Yet But She's Leaving,spotify:track:2wZ6WPZzq3doKFyFMwJM97
Shawn Mendes,Spotify Singles,Lost In Japan - Recorded at Spotify Studios NYC,spotify:track:7b1WVMX0FShcPWct8ca7ma
Ritviz,Jeet,Jeet,spotify:track:4ye8U0982eHtlhlvePpxtP
Tigercub,Blue Mist in My Head,Blue Mist in My Head,spotify:track:1mz7I7FgwoyWaFljPHERXW
JVKE,this is what ____ feels like (Vol. 1-4),this is what falling in love feels like,spotify:track:2PWTZV5znjLtZC5T1EVJvL
Taylor Swift,"the ""dropped your hand while dancing"" chapter",it’s time to go,spotify:track:6RvmQShxVQwJ0AWMtP6JoU
Susanna and the Magical Orchestra,Melody Mountain,Love Will Tear Us Apart,spotify:track:3B6mxCWdcuNSfUZWsUZFwi
Hozier,Hozier (Expanded Edition),Someone New,spotify:track:2DNXgvkyv35vTWvdgjs7qn
L'Orchestra Cinematique,Ms Marvel - Blinding Lights,Ms Marvel - Blinding Lights - Epic Version,spotify:track:0ETO7nB1KJ16FkX4JEKPKy
Monsieur Periné,Nuestra Canción (feat. Vicente García),Nuestra Canción (feat. Vicente García),spotify:track:0qP9Kt3gmpDFoDUzl3REGs
Nothing But Thieves,Holding Out for a Hero,"Holding Out for a Hero - From the Trailer for ""Vikings"" - Series 2",spotify:track:60Lov8vYmURSKoxxU8Upbc
Neil Diamond,Love Songs,Sweet Caroline,spotify:track:6b5PBL2QNXmAt1DfqbwO9Z
Dansu,Do Do Do,Do Do Do,spotify:track:6rWdiPTBttPnS7qU0EBjPZ
Two Feet,A 20 Something Fuck,I Feel Like I'm Drowning,spotify:track:3aauaXWRgwCMoykMbI0Jq1
Hari & Sukhmani,Latthay Di Chaadar - Single,Latthay Di Chaadar,spotify:track:0QOJABRwcIx5WfzILs47eJ
Kid Cudi,Entergalactic,Somewhere to Fly (with Don Toliver),spotify:track:1irXetrpIyLUtvkNw2F2tu
Nusrat Fateh Ali Khan,Mustt Mustt,Nothing Without You,spotify:track:39Djd2DKnXaXwVGL6HhUWx
Hadiqa Kiani,Roshni,Boohey Bariyan,spotify:track:5WPRfVAQlrx1wIhyt19ncA
Backstreet Boys,This Is The End: Original Motion Picture Soundtrack,Everybody (Backstreet's Back) - Radio Edit,spotify:track:4rTeOSYqwXNz5qPR2DUTFZ
Nusrat Fateh Ali Khan,Ustad Nusrat Fateh Ali Khan,Tu Kuja Man Kuja - Complete Original Recording,spotify:track:2t7Caefxz7HfyTRyN5VsOL
Hozier,God of War Ragnarök (Original Soundtrack),Blood Upon the Snow,spotify:track:5cgacDGTfR9sm4W03syTyX
AJR,Spotify Singles,Location - Recorded at Spotify Studios NYC,spotify:track:7jwZYPS8reDirsT4Mvqpui
The Weeknd,After Hours,Heartless,spotify:track:6bnF93Rx87YqUBLSgjiMU8
Maanu,Risky,Risky,spotify:track:17ZXHiyOwcSBpzqK6w1yYP
Neon Trees,Animal (10th Anniversary Edition),Animal (10th Anniversary Edition) - Acoustic,spotify:track:0ZXSZYdrNLu2hciAxcp3ml
Taylor Swift,folklore,exile (feat. Bon Iver),spotify:track:4pvb0WLRcMtbPGmtejJJ6y
Tanmaya Bhatnagar,Kya Tum Naraaz Ho? (Raw),Kya Tum Naraaz Ho? (Raw),spotify:track:2rjCLFdX8n9xLoMZgdMMxt
Hasan Raheem,Sun Le Na,Sun Le Na,spotify:track:0tyK2eyMatZvNCVtbdNlmt
Zaeden,tere bina,tere bina,spotify:track:6N5WkgPIDoTdbCXyyIIKAv
Twenty One Pilots,Level of Concern,Level of Concern,spotify:track:6xZ4Q2k2ompmDppyeESIY8
H.E.R.,Slide,Slide,spotify:track:2rTnVB1bvwxHtaIl4uVu7f
renforshort,feel good inc. (feat. Mateus Asato),feel good inc. (feat. Mateus Asato),spotify:track:2GzlTbrFF2V6MwRDfBnYhf
Jack Harlow,Sweet Action,I WANNA SEE SOME ASS (feat. jetsonmade),spotify:track:2aWVaW1p2kUc5yuKwBmRJi
Lil Nas X,HOLIDAY,HOLIDAY,spotify:track:6zFMeegAMYQo0mt8rXtrli
Ritviz,Ved,Udd Gaye,spotify:track:5ZsAhuQ24mWHiduaxJqnhW
Coldplay,Music Of The Spheres,Biutyful,spotify:track:2L2mM3rEO3arNIMQnb3dou
The Neighbourhood,#000000 & #FFFFFF,Lurk,spotify:track:6NK6BSGwtmJ1HTOCYRWslQ
Beach Bunny,Honeymoon,Cloud 9,spotify:track:6vFsBXYczYsP0H3lgunZOm
Glass Animals,Dreamland,Heat Waves - Stripped Back,spotify:track:2Jhq4h8hWPNj24VWKbnd5B
78rpm,Friday Night Sessions,Blood Runs Red,spotify:track:4gpfV27daqpPRzsLUGzDRk
Verzache,Needs,Needs,spotify:track:0WKmVAD4VWk5EdTyCFILi4
Prateek Kuhad,Tum Jab Paas - Single,Tum Jab Paas,spotify:track:3FTRSa9mWB3kKx2jkhUAN3
Ritviz,Baaraat,Baaraat,spotify:track:0YLSjVxSb5FT1Bo8Tnxr8j
Chase Atlantic,Paradise EP,Slow Down,spotify:track:5lT5IZWW3JQErXELJpQgJ9
Prateek Kuhad,Tune Kaha,Tune Kaha,spotify:track:1gWtHDe403RuyZqhvSRcv8
Hozier,"Wasteland, Baby!",No Plan,spotify:track:4byXh93siQtzKLdjKuJaAF
The Weeknd,After Hours,Snowchild,spotify:track:3WlbeuhfRSqU7ylK2Ui5U7
Hasan Raheem,Peechay Hutt,Peechay Hutt,spotify:track:6ePcfMCQ7uUKwAamUiVtXL
Ritviz,Thandi Hawa,Thandi Hawa,spotify:track:7EPMILezRmD7gHhgx11e7k
Vilen,Chidiya,Chidiya,spotify:track:7mNZUnDWUDidWBFaUpVtOC
Aminé,Charmander,Charmander,spotify:track:4NP3gHruXgIo4YSJSNDRBz
Glass Animals,Dreamland,Waterfalls Coming Out Your Mouth,spotify:track:02qZpv0gLgqnm8KYUVEaFf
Ali Zafar,Balaghal-Ula Bi-Kamaalihi,Balaghal-Ula Bi-Kamaalihi,spotify:track:05rGKExmwZcwIvia1YVr8C
Ralph Castelli,Morning Sex,Morning Sex,spotify:track:2fGRJzoiYJYAzlQAyBONMb
Arijit Singh,"Tujhe Kitna Chahne Lage (From ""Kabir Singh"")","Tujhe Kitna Chahne Lage (From ""Kabir Singh"")",spotify:track:2Fv2injs4qAm8mJBGaxVKU
Nusrat Fateh Ali Khan,Man Atkeya Beparwah De Naal,Man Atkeya Beparwah De Naal - Complete Original Version,spotify:track:2D4ymDngFAUwAuhlr5fA3Y
Prateek Kuhad,Mismatched: Season 1 (Music from the Netflix Original Series),Kahaan Ho Tum,spotify:track:4sO9tnvCH3DJZ3AAXoixjd
Rêve,CTRL + ALT + DEL,CTRL + ALT + DEL,spotify:track:7ElC7VjUNl3oJ20Q5OpEh9
JAWNY,Honeypie,Honeypie,spotify:track:6JqYhSdTE4WbQrMXxPH5cD
X Ambassadors,Don’t Stay,Don't Stay,spotify:track:1JFWbktZpqwU37UX5MzjwR
Rex Orange County,AMAZING,AMAZING,spotify:track:6FtIK0IkmG33lKbc1pyAlZ
General Public,All The Rage,Tenderness,spotify:track:7cRWPAHuHQ36agbu6Empc8
Harry Styles,As It Was,As It Was,spotify:track:4LRPiXqCikLlN15c3yImP7
Florence + The Machine,Jenny of Oldstones (Game of Thrones),Jenny of Oldstones (Game of Thrones),spotify:track:1u0THw5xaGd7sYzJEh48Lt
Glass Animals,Quarantine Covers,Young And Beautiful,spotify:track:7Lx7cE37O7qL4JYBsBqQVs
Nusrat Fateh Ali Khan,Javeda Sufiaana,Main Jagi Piya Ke Sangh - Song in Raga Bilawal,spotify:track:1L2CUBfFR7HdjD62fne0XZ
Trinidad Cardona,Dinero,Dinero,spotify:track:3ggtU1ZOKO8ZNiqPNyXGcm
Ashe,Ashlyn,Till Forever Falls Apart,spotify:track:4x5YzxjrF9wvIIXJV7TveC
Wardruna,Lyfjaberg,Lyfjaberg,spotify:track:5iRCFYfU71YToV9UssimKe
Hasan Raheem,Aisay Kaisay,Aisay Kaisay,spotify:track:0mAswKg3RCbmXAV4KYTUxM
Childish Gambino,3.15.20,Algorhythm,spotify:track:07FOCFJhMmCVQDyWX1d3gR
The Weeknd,Dawn FM,Is There Someone Else?,spotify:track:5rXdRfS0EPQ5zleZ34Rs8k
Udbhav,Nanku Sharma,Kaafizyada,spotify:track:7vvmU5ayTrVWiNVxiwHLQI
The Weeknd,"My Dear Melancholy,",Wasted Times,spotify:track:7DKS0rX27cCEPsK0R6tFWS
Konoba,Smoke & Mirrors,On Our Knees (feat. R.O),spotify:track:2HCgcgN4PA0xr2ZqtsBpPb
Ankur Tewari,Side B,Dil Haare,spotify:track:26u6HGjzExhRZD5ifgTBnG
Glass Animals,Dreamland,Waterfalls Coming Out Your Mouth,spotify:track:7s0FCUlKnSFjFPzcIJmkwo
Fareed Ayaz Abu Muhammad Qawwal,"Mehfil E Samaa, Vol. 2",Mohey Apaney Hi Rung Main,spotify:track:0sJLmvdv7j0PqBQb66cBtE
Dominic Fike,"Don't Forget About Me, Demos",3 Nights,spotify:track:1tNJrcVe6gwLEiZCtprs1u
Hozier,Hozier,Work Song,spotify:track:4Vc3bzFxXdrABa2DxgyCMT
Dream Note,Waqt Ki Baatein - Single,Waqt Ki Baatein,spotify:track:1lIYP8fDGGnp91OMTUnwjV
Saweetie,Shang-Chi and The Legend of The Ten Rings: The Album,Swan Song,spotify:track:790TzR1UxBXVMFSGq8p7bv
Gang of Youths,Go Farther In Lightness,Achilles Come Down,spotify:track:22TntnVO3lQNDR5nsvxGRs
The Rolling Stones,The Rolling Stones In Mono,"Paint It, Black - Mono",spotify:track:1RJeiAIwR9pZBgJA8ndZLL
Syed Altaf Shah Kazmi,"Rab De Yaar da Yaar Siddiq, Vol. 2",Aa Meda Dhola,spotify:track:4l08LQca6YOwIgl8qexkfI
Michael Bublé,It's Time,Feeling Good,spotify:track:3I09LQbHS3NSU46Ly3tPpR
Arizona Zervas,NIGHTRIDER,NIGHTRIDER,spotify:track:72PFP54TZ9Tpj9dYQcb46D
Farida Khanum,"Wedding Songs, Vol. 1",Lathe Di Chadar,spotify:track:6vDesBVp6cNax0JtTWKJGv
Regard,Ride It,Ride It,spotify:track:2tnVG71enUj33Ic2nFN6kZ
Farid Ayaz & Abu Muhammad Qawal,"Spirit of the Sufis, Vol. 2",Chaap Tilak,spotify:track:0Zo0arTZCTmDxsM4EGoYdM
Piano Dreamers,Piano Dreamers Play Arctic Monkeys,Why'd You Only Call Me When You're High?,spotify:track:3k5FR1XqNSmwmJf6GpnQet
Amber Mark,3:33am,Lose My Cool,spotify:track:3G9zeErd0kMx012kmYUrm7
Ty Dolla $ign,Spicy (feat. Post Malone),Spicy (feat. Post Malone),spotify:track:5nWVyZaCwtfAkBnwDuXjBh
Hasan Raheem,Nautanki,Dibs,spotify:track:73Muq9vAvQ7CSD0V3kiQpY
Hozier,Hozier,From Eden,spotify:track:2XRCxFtPqSsnY94jZCFuYu
Delacey,Black Coffee,My Man,spotify:track:0kZLd1DECibaEjAzTyAZDZ
half•alive,"Now, Not Yet",still feel.,spotify:track:48XkVAagIoQHCsOlJtXUd5
Dimitri Vegas & Like Mike,Say My Name,Say My Name,spotify:track:3GYlQmwfBDo7imFyGPhrl7
Nusrat Fateh Ali Khan,Un Ka Andaz-E-Karam,Un Ka Andaz-E-Karam - Complete Original Version,spotify:track:2nw2P0obATD8LaLR53X6l1
Hasan Raheem,SHE,Adjust,spotify:track:1ZKZ7ZZJs1TiD7plBqPGrs
Cage The Elephant,Melophobia,Come a Little Closer,spotify:track:4sebUbjqbcgDSwG6PbSGI0
Nusrat Fateh Ali Khan,Aastan Hai Yeh Kis Shah-E-Zeshan Ka Marhaba Marhaba,Aastan Hai Yeh Kis Shah-E-Zeshan Ka Marhaba Marhaba - Complete Original Version,spotify:track:2Yk8E8IbNlsjNyCNOAmn0P
Harry Styles,Harry's House,Daylight,spotify:track:51Zw1cKDgkad0CXv23HCMU
Russ,There's Really A Wolf,Do It Myself,spotify:track:5mB1bWU8VueYVxuvcLPn2B
Various Artists,Famous Naaten Vol. 1 - Islamic Naats,Qaseeda Burda Shareef - Arabic-Urdu-Farsi-English,spotify:track:3p9H2j5AfKvxHkksXaaL9A
SYML,Mr. Sandman,Mr. Sandman,spotify:track:1ibQiWl2i50MGt3SpRuE0D
Berhana,Berhana,Janet,spotify:track:3ml3WB66sqG4kXoPBX2POA
Prateek Kuhad,Prateek Kuhad on Audiotree Live,cold / mess - Audiotree Live Version,spotify:track:3iewNLhxQyJXdYVYFKj86Y
Bear McCreary,The Witcher: Blood Origin (Soundtrack from the Netflix Series),The Echo and the River,spotify:track:44s77gJbPi0QizWRLJDhz8
Hozier,Hozier (Expanded Edition),To Be Alone,spotify:track:1XJQ7xI6jzcZybuHemxsPP
SAINt JHN,The Best Part of Life,The Best Part of Life (Imanbek Remix),spotify:track:6OboXrS1zbfCmh7uDFCIQ5
Emei,Scatterbrain,Scatterbrain,spotify:track:5DKcc3WxMwE7JB1IxCrdrs
Stromae,Racine Carrée,Tous les mêmes,spotify:track:1GC1MIaRMW3kfVK9VyD5Ii
SZA,SOS,Ghost in the Machine (feat. Phoebe Bridgers),spotify:track:4h5x3XHLVYFJaItKuO2rhy
Kali Uchis,Sin Miedo (del Amor y Otros Demonios) ∞,telepatía,spotify:track:6tDDoYIxWvMLTdKpjFkc1B
Ritviz,Ved,Sage,spotify:track:43mHckutQvJr49nT0UvRxy
Bishop Briggs,The Way I Do,The Way I Do,spotify:track:60DjyiAXyLzZpDjdOWFQEc
Blue Ivy,The Lion King: The Gift,BROWN SKIN GIRL,spotify:track:0B3FovCVaGKS5w1FTidEUP
Just Kiddin,Indiana,Indiana,spotify:track:79zjU6YFpnCTf2WeHuPaBC
Nathan Evans,Wellerman,Wellerman - Sea Shanty,spotify:track:54OBgO0Xwu20Jak9TMXbR7
Joyner Lucas,Your Heart,Your Heart,spotify:track:2DTpP3caqX3QdJIEoS83mD
Bayaan,4 Saal,Farda,spotify:track:6z9YgNd6u3k7eSLAR7Nsom
J. Cole,Born Sinner,She Knows (feat. Amber Coffman & Cults),spotify:track:0Fs9cdPDhptWEDJmiCbkEW
Piano Dreamers,British Invasion Piano,Do I Wanna Know?,spotify:track:5Jz9iPoejNGUCbkqfX9xvE
Hozier,"Wasteland, Baby!",Almost (Sweet Music),spotify:track:5Apvsk0suoivI1H8CmBglv
Wardruna,Skald,Helvegen - skaldic version,spotify:track:1S59i3NadL2tJlq8zOdb4I
Taba Chake,Bombay Dreams,No Doma Lo,spotify:track:4fTn0u6zKUIjTCF0OoQ12R
Elton John,The Lockdown Sessions,Cold Heart - PNAU Remix,spotify:track:7rglLriMNBPAyuJOMGwi39
Florence + The Machine,MTV Presents Unplugged: Florence + The Machine,"Never Let Me Go - MTV Unplugged, 2012",spotify:track:3JIKoXtJ0S032fWivBCa3z
PUBLIC,Honey In The Summer,Honey In The Summer,spotify:track:69KERH8EU5P2VwxWlmOVcU
Marc Streitenfeld,Robin Hood (Original Motion Picture Soundtrack),Planting the Fields,spotify:track:2d4jI40t4l6Dz63H1e58Vg
Baio,The Names,Sister of Pearl,spotify:track:2tfhqmq39kpDf1k7IJWxld
Fareed Ayaz Abu Muhammad Qawwal,Munshi Ji Ki Yaad Main,Mere Baney Ki Baat,spotify:track:4axWNzL7v8Y64gXLJ4DdOY
EDEN,i think you think too much of me,XO,spotify:track:0ZAiqymvbQUZAh9y6ZT3Rm
Prateek Kuhad,Pause,Pause,spotify:track:5h1L6nOR9QYXeeNW14aeus
Abdullah Siddiqui,Come Thru,Come Thru,spotify:track:2pwxbPemtKC6kddQVI5dJZ
Hozier,Hozier (Expanded Edition),Sedated,spotify:track:3Ub5gDJTOGWr2AlDcScUIr
Jasleen Royal,Baar Baar Dekho,Kho Gaye Hum Kahan,spotify:track:6nZiYSBwPQ7fYnVWkkkj4g
Sikandar Ka Mandar,Chand Si Banu,Chand Si Banu,spotify:track:5uQkx9RADqv8vdjqi9MOei
James Bay,Chaos And The Calm,Let It Go,spotify:track:13HVjjWUZFaWilh2QUJKsP
ROLE MODEL,forever&more,forever&more,spotify:track:0UMFm4ndFr3PH5VsVYnCNG
Abi Sampa,Man Kunto Maula,Man Kunto Maula,spotify:track:4c3eiTedVQbK3o9wp27Rk6
WizTheMc,For a Minute,For a Minute,spotify:track:4W1hy390P7IYBFbdvwzZBw
A R I Z O N A,Spotify Singles,Passionfruit - Recorded at Spotify Studios NYC,spotify:track:32s8Fw4H89EkJ5DPKEWnWY
Dua Lipa,Future Nostalgia,Love Again,spotify:track:4rPkN1FMzQyFNP9cLUGIIB
The Tamaashbeens,Singles,Koi toh miley ga,spotify:track:7LIfhKC5WX3mxJO9vEDi4V
WALK THE MOON,What If Nothing,One Foot,spotify:track:0iQ77tSa7ncj7zBPtVx6cU
Sickflip,Mismatched: Season 2 (Music from the Netflix Series),Mehmaan,spotify:track:3s5Rz3KFms39ZrFDw2jt4r
Drake,Laugh Now Cry Later (feat. Lil Durk),Laugh Now Cry Later (feat. Lil Durk),spotify:track:2SAqBLGA283SUiwJ3xOUVI
Nothing But Thieves,Broken Machine (Deluxe),Sorry - Acoustic,spotify:track:0Akytll1e5KvwNKvhqIZFn
Abida Parveen,The Best Of Abida Parveen,Tere Ishq Nachya,spotify:track:1mQfG7DNOygBOmq2CDBJrT
Post Malone,Twelve Carat Toothache,I Like You (A Happier Song) (with Doja Cat),spotify:track:0O6u0VJ46W86TxN9wgyqDj
Future,High Off Life,Solitaires (feat. Travis Scott),spotify:track:4kfeRwpq5KUaqTkgi4TbDF
Bear McCreary,God of War Ragnarök (Original Soundtrack),Raeb's Lament,spotify:track:404eOIgbr1qdzcJ7BE1Xtz
Jonas Brothers,A Little Bit Longer,Burnin' Up,spotify:track:2VEsmoek0sol9MnJFyoG9e
Hozier,Hozier (Expanded Edition),In the Woods Somewhere,spotify:track:5Pkn31exSVgFbfDAH961QC
Nusrat Fateh Ali Khan,Nusrat - Songs for Your Playlist,Mohe Apne Hi Rang Mein,spotify:track:4XPtiSvN7JzwXqB19IEKT6
Ramil Ganjoo,Phir Kabhi,Phir Kabhi,spotify:track:0kVtdIQMLZscOLsB37bb1s
Local Natives,Violet Street,When Am I Gonna Lose You,spotify:track:5wCVLW9qMtIY9IkBeyYnh6
ZAYN,Nobody Is Listening,Tightrope,spotify:track:44ngiCPfS8FfdJOqN0eULl
Dua Lipa,Break My Heart,Break My Heart,spotify:track:1raaNykBg1bDnWENUiglUA
DVBBS,GOMF,GOMF,spotify:track:7CTzuqi7g4vW8BXcEacvdB
Glass Animals,Dreamland,I Don't Wanna Talk (I Just Wanna Dance),spotify:track:2xXPVOKw75Ouju8Qu4SdIA
Run The Jewels,ooh la la (feat. Greg Nice & DJ Premier),ooh la la (feat. Greg Nice & DJ Premier),spotify:track:4duqfee47U0bYpEGkIBp47
SZA,The Other Side (from Trolls World Tour),The Other Side (from Trolls World Tour),spotify:track:463PQggkmk5tTw8ug0ahOX
Javed Ali,Delhi-6,Arziyan,spotify:track:3V80Iv04B9XAqGHbXdtRT1
Kauai45,Just The Two of Us,Just The Two of Us,spotify:track:5cwCW4r6ybpSiHWMpMKHoJ
blackbear,dirty laundry,dirty laundry - slowed,spotify:track:0N2rGjQLuT0GqVueJxjQS6
sophie meiers,come ovr/skype calls,skype calls,spotify:track:4i4YoTjnTs1Z0VRAX9GSIU
Lord Huron,Strange Trails,The Night We Met,spotify:track:0QZ5yyl6B6utIWkxeBDxQN
Drake,Care Package,Trust Issues,spotify:track:4Wjhj0WjkyECccfHVIgaTq
Advait,Dil Ko Kaise Samjhau?,Dil Ko Kaise Samjhau?,spotify:track:6fI7f0S356KkqkToKl8Hgz
Nusrat Fateh Ali Khan,Kanday Utte Mehrma Ve,Kiven Mukhre Ton Nazran Hatawan,spotify:track:1pMK7GI3AqrHZISTBMqsIs
Junaid Jamshed,Us Rah Par,Na Tu Aaegi,spotify:track:4wfeVAnxp89GJLw6gsPflm
Paramore,Riot!,Misery Business,spotify:track:6SpLc7EXZIPpy0sVko0aoU
OAFF,Gehraiyaan,Doobey,spotify:track:7k6QR9YHyW258yVN6FHO1T
Logic,Confessions of a Dangerous Mind,Keanu Reeves,spotify:track:3PYx9Wte3jwb48V0wArMOy
Sahara Beck,You Could Be Happy,Mary Jane,spotify:track:2wEMIeDWXxgxaQq12AupPi
Nusrat Fateh Ali Khan,Anthology - Nusrat Fateh Ali Khan,Main Jaagi Piya Ke Sangh,spotify:track:4RTDfd6fQuC9A9nRWsQBK4
Richard Armitage,The Hobbit: An Unexpected Journey (Original Motion Picture Soundtrack),Misty Mountains,spotify:track:3AAwJ043uT1wXSKDtGyuxF
Kyle Meehan,Te Amo,Te Amo,spotify:track:1MUhWo9TIkw9tPaC7N6sMg
Hozier,Hozier,Jackie And Wilson,spotify:track:5xo1Gj4WTssjQgQ0w03cf2
Glass Animals,Dreamland,Your Love (Deja Vu) - Stripped Back,spotify:track:1mix5b0jEgBjaXqK7Zt6Yd
Wallows,Are You Bored Yet? (feat. Clairo),Are You Bored Yet? (feat. Clairo) - Mura Masa Remix,spotify:track:4jgAfg7f9Wf6p4sIWYeOi3
2Scratch,NO LOVE,NO LOVE,spotify:track:554CXLtX0FfbYpU246qrr2
Surfaces,Where the Light Is,Sunday Best,spotify:track:1Cv1YLb4q0RzL6pybtaMLo
Rozeo,BIG LIKE LARGE,BIG LIKE LARGE,spotify:track:2TAmMjiDCLpG0cA8PLHGR0
Hozier,"Wasteland, Baby!",Movement,spotify:track:1djzKW3eYLyzjjHXazEWWh
Aminé,ONEPOINTFIVE,SHINE,spotify:track:1OWGLpptXlHLw1yibeHiHa
Shawn Mendes,It'll Be Okay,It'll Be Okay,spotify:track:2KnLkZ3z7PO3kgVGHGqDpD
Panic! At The Disco,Death of a Bachelor,Crazy = Genius,spotify:track:6V68ItawQkQlZhYIf1S86C
The Neighbourhood,To Imagine - EP,Scary Love,spotify:track:3D9YM8O9i1JQjE3uJHVeVA
Josh Golden,heaven come,heaven come,spotify:track:2lTpnVnrqmYfAlgUNRfDSR
Golden Ring Ensemble,Russian Folk Songs and Dances,Kalinka,spotify:track:6NjLhk2XZZlTgniXaySTji
Dayglow,Harmony House,Close To You,spotify:track:0brBOx8ejPXvBYnQkWquYK
Olivia Rodrigo,drivers license,drivers license,spotify:track:7lPN2DXiMsVn7XUKtOW1CS
NAV,Good Intentions,Good Intentions (Intro),spotify:track:3p6aRY0ePa28UM85z9X8iS
Amit Trivedi,Qala,Phero Na Najariya,spotify:track:6bngLYnL3AbtpXd7uPAMMd
Imagine Dragons,Live At AllSaints Studios,Believer - Live/Acoustic,spotify:track:3Eog0V6GCpABelD89PbUeB
Styx,Pieces Of Eight,Renegade,spotify:track:1CQqupcyMg7176PPmIVmSj
Kayan,On My Own,On My Own,spotify:track:12jHntVUvHSFiXiLW1eaVy
Future,EVOL,Low Life (feat. The Weeknd),spotify:track:7EiZI6JVHllARrX9PUvAdX
Praagya,Zara Zara,Zara Zara,spotify:track:6J1uhgLP3IW0FEsxBzDSw0
Glass Animals,Dreamland,Tangerine,spotify:track:40rOlDoGejXXF4B0BYsjx8
BROCKHAMPTON,GINGER,SUGAR,spotify:track:6U0FIYXCQ3TGrk4tFpLrEA
Joel Sunny,Sweater Weather,Sweater Weather,spotify:track:3oYW30oQJXrjDsvxtdPuoT
Glass Animals,Tokyo Drifting,Tokyo Drifting - Oliver Malcolm Remix,spotify:track:2eOW4hT8wfZmyi11DGItc8
Yuno,No Going Back,No Going Back,spotify:track:7rig9YRhho4jJ2LBMGekfj
Matt Maeson,The Hearse,Put It on Me,spotify:track:7tySfDFfBiCjraLdoy6In5
The 1975,If You’re Too Shy (Let Me Know),If You’re Too Shy (Let Me Know),spotify:track:1n4vgMWmmNlXrvyxQFhUEl
LUNA AURA,HONEY,HONEY,spotify:track:7AVf3MdvwHM5CdOdquzu9c
Weezer,Weezer (White Album),Thank God for Girls,spotify:track:5uywMR3hTeVPoWaFDSliJb
Hasan Raheem,SHE,Pukaar,spotify:track:0R6PVr0THSFcyEqlNTJ9Bp
Travie McCoy,Golden (feat. Sia),Golden (feat. Sia),spotify:track:0HZWWaKieQ9ZETkTEUVTH2
Russ,CIVIL WAR,CIVIL WAR - Bonus,spotify:track:5tmu5pAFHkUSl8Fo8ncyA4
Drake,Signs,Signs,spotify:track:6Na5uKk5SsqZimk0hAWo8y
Cashmere Cat,9,Trust Nobody (feat. Selena Gomez & Tory Lanez),spotify:track:5qYp1Wf3gh0lGWdIS5lIrX
MEDUZA,Tell It To My Heart,Tell It To My Heart,spotify:track:46nvQpUDsxpS08UTFOeKTA
Rozeo,Bum Twirl,Bum Twirl,spotify:track:1B559YkhUtsMNWXlFsDuFJ
Journey,Separate Ways (Worlds Apart),Separate Ways (Worlds Apart) - Bryce Miller/Alloy Tracks Remix,spotify:track:0muK9BAzu2TJXQgWPsEj6e
Arctic Monkeys,Leave Before The Lights Come On,Baby I'm Yours,spotify:track:0SzvmWfOhoxZVGrmvb56YL
Calvin Harris,Funk Wav Bounces Vol.1,Rollin (feat. Future & Khalid),spotify:track:0lMbuWUpfTWhEmOKxppEau
Post Malone,Hollywood's Bleeding,Hollywood's Bleeding,spotify:track:01iuzK2ziYAVE2n9aSXbWp
Sahara Beck,You Could Be Happy,C'mon Man You're Dead,spotify:track:1uVUUdElxrXmFDqasrAUNo
Hanumankind,Genghis,Genghis,spotify:track:4byM7YIkw5KQryitRGPEYN
Kina Grannis,Somebody Loved,Somebody Loved,spotify:track:1wflx5YklLYToaIbXkrZSq
DVBBS,Tinted Eyes (feat. blackbear & 24kGoldn),Tinted Eyes (feat. blackbear & 24kGoldn),spotify:track:68UW3plyDDNg1dkNIZRezJ
SYML,Where's My Love,Where's My Love - Piano Solo,spotify:track:59lUvVUixyLmC3u9kSIU1Y
Circa Waves,What's It Like Over There?,Times Won't Change Me,spotify:track:7ep7SI6MdEo81to9GLouIw
Talal Qureshi,PAISA,PAISA,spotify:track:5vwe8vW5fEJgymhjfol1cu
Coldplay,Music Of The Spheres,Higher Power,spotify:track:65OR4ywy8Cgs3FDHK82Idl
Piano Dreamers,Piano Love,Sweater Weather,spotify:track:64p1WbwrWkozsuzfjhJROy
DJ Khaled,POPSTAR (feat. Drake),POPSTAR (feat. Drake),spotify:track:6EDO9iiTtwNv6waLwa1UUq
Sikandar Ka Mandar,Sikandar Ka Mandar,Jo Bhi,spotify:track:13835EhqCY46GhEIbPFfyD
Rozeo,Barkat,Barkat,spotify:track:2gUKyAKu4fvEcKboCruSEK
Amit Trivedi,Ghodey Pe Sawaar,"Ghodey Pe Sawaar (From ""Qala"")",spotify:track:1a8w8nlIyIhE2W1HIayKnl
Kurt Hugo Schneider,Kurt & Company Vol 2,Sweater Weather,spotify:track:0kn9QwZW8Ow9eTuZgxVEz8
Bright Eyes,Persona Non Grata,Persona Non Grata,spotify:track:0itutKZrGEzQtFWJp4xoUK
Faris Shafi,Molotov,Molotov,spotify:track:0U6cC3jgiLjbBo4vomr3HI
Tesher,Jalebi Baby,Jalebi Baby,spotify:track:36jCLvkQD1ro4spuJtF84m
Drake,More Life,Passionfruit,spotify:track:5mCPDVBb16L4XQwDdbRUpz
Journey,Frontiers,Separate Ways (Worlds Apart),spotify:track:4ECNtOnqzxutZkXP4TE3n3
Jax Jones,Snacks,All Day And Night - Jax Jones & Martin Solveig Present Europa,spotify:track:11VJlLCmJTH67Jv0TBVzxH
Arizona Zervas,ROXANNE,ROXANNE,spotify:track:696DnlkuDOXcMAnKlTgXXK
Riz Ahmed,The Long Goodbye,Deal With It,spotify:track:3l9KybL4tK1jAP7u3UkWwe
Nusrat Fateh Ali Khan,Tere Bin Nahin Lagda Dil Mera - Best Hits,Tere Bin Nahin Lagda,spotify:track:64QRJvOEsryufhCkeZGAPf
Ed Sheeran,I Don't Want Your Money (feat. H.E.R.),I Don't Want Your Money (feat. H.E.R.),spotify:track:69xcWjYE6YYA638ThAHA6M
Bishop Briggs,Bishop Briggs,Dead Man's Arms,spotify:track:318CwhlHyuxroBtuoeh3oR
Iggy Pop,Red Right Hand,Red Right Hand,spotify:track:5WBhTqcyiSEOoBCBcj9e22
Bazzi,Young & Alive,Young & Alive,spotify:track:5RsKelNxucrDxgMbZ3vd3W
Deb Never,Sorry,Sorry,spotify:track:7ufvTDIjfqAhYZLXUX0lrF
Lana Del Rey,Norman Fucking Rockwell!,Fuck it I love you,spotify:track:7MtVPRGtZl6rPjMfLoI3Lh
Arctic Monkeys,Live at the Royal Albert Hall,Do I Wanna Know? - Live,spotify:track:5zDoSmh06F7kjXGIHFhQzh
omer inayat,Waali,Tenu Le Ke,spotify:track:3IHLJDSDpu2JeyQqIWsCig
Otnicka,Babel,Babel,spotify:track:0ZnwzjB40zdTZrEwPvaRqG
Shamoon Ismail,Cookie,Khayal,spotify:track:2AHlAZJS2tTnhDqqlIm6O3
Sia,The Hamilton Mixtape,Satisfied (feat. Miguel & Queen Latifah),spotify:track:3VyxvhpCUNVTvPO2B46lsa
Khalid,Know Your Worth,Know Your Worth,spotify:track:0TrPqhAMoaKUFLR7iYDokf
Nusrat Fateh Ali Khan,30 Greatest Hits Nusrat Fateh Ali Khan and Sabri Brothers,Dum Mast Qalander Mast,spotify:track:6kNPTNEwxwCCqkP4JbkWLK
gianni & kyle,do u even miss me at all?,do u even miss me at all?,spotify:track:1AHf5FSofKcUw8tyKkccKF
Yashraj,Dhundhala,Dhundhala,spotify:track:6PSGzXHJaQogb2G8m8gGZZ
Ankur Tewari,Dil Beparvah,"Dil Beparvah - The Dewarists, Season 5",spotify:track:4kXkT9HF9ZfDjuv3LIKcwJ
Tajdar Junaid,What Colour Is Your Raindrop,Ekta Golpo (feat. Satyaki Banerjee & Anusheh Anadil),spotify:track:1tmmhr7UpyHDNq4e4tVJGb
Manna Dey,Shree 420,Pyar Hua Iqrar Hua,spotify:track:3B3MQlP4NPAxE2HEE2sEsS
Ritt Momney,Put Your Records On,Put Your Records On,spotify:track:6AGOKlMZWLCaEJGnaROtF9
Call,Dhoom,Dharkay Jiya,spotify:track:3csQ8JVWNQ3qrt1OswiPgt
Jax Jones,Tequila,Tequila - Jax Jones & Martin Solveig Present Europa,spotify:track:39WnpwsWrLXpxafV5FwYVh
Faris Shafi,Introduction,Introduction,spotify:track:62NkzAFZKNOe6arO1lSFm0
Glass Animals,Heat Waves,Heat Waves - Slowed,spotify:track:1K2RnVhm3eauKnA8PAcPu1
Ashley Park,Emily in Paris (Soundtrack from the Netflix Series),"Mon Soleil - from ""Emily in Paris"" Soundtrack",spotify:track:1RvUIoskMQiGJKKnJJ96WB
Anuv Jain,Baarishein,Baarishein,spotify:track:5iCY0TXNImK4hyKfcplQsg
Glass Animals,Dreamland,Waterfalls Coming Out Your Mouth,spotify:track:6rg8jKMFjOcjSVDSCH9SHK
Ritviz,Udd Gaye,Udd Gaye - Bacardi House Party Sessions,spotify:track:6wZJsut8fjiWiMPaccRAOX
Regard,Secrets,Secrets - MOTi Remix,spotify:track:2vX1vE1jwuqq29xonWIzvE
Hozier,"Wasteland, Baby!",Shrike,spotify:track:083PU4XnYAOMAGVruma3vb
Foster The People,Sacred Hearts Club,Sit Next to Me,spotify:track:4BdGO1CaObRD4La9l5Zanz
Ritviz,Mimmi,Aaj Na,spotify:track:322TxW77VZdX9gHynK5Xue
Gloria Gaynor,New In Town,I WILL SURVIVE,spotify:track:0x4GSz5C4XZDkNhFswGboC
renforshort,"fuck, i luv my friends","fuck, i luv my friends",spotify:track:4hk4plGoAmg3naYTq8EUul
Imanbek,Goodbye,Goodbye,spotify:track:4crczEC1PpoD8TsDsmoWNI
Meek Mill,Dreams Worth More Than Money,R.I.C.O. (feat. Drake),spotify:track:0Y0TOsE1q11qgbi7c5WZsG
Rupert Holmes,Partners In Crime,Escape (The Pina Colada Song),spotify:track:5IMtdHjJ1OtkxbGe4zfUxQ
Hozier,Hozier (Expanded Edition),Angel of Small Death and the Codeine Scene,spotify:track:6JmSfynzr6E0QllQZNEXEb
Natasha Humera Ejaz,Abhi Abhi,Abhi Abhi,spotify:track:1ecjmjCHS8p1tMJHX10X5B
Dayglow,Fuzzybrain,Can I Call You Tonight?,spotify:track:61OJxhoY3Ix50rYVKo8zRK
Riz Ahmed,Once Kings,Once Kings,spotify:track:7xtVisRXsVnGjNkX4PiEcW
Chelsea Cutler,Your Shirt,Your Shirt,spotify:track:5vtyFzfLkCSJvXEZFjQAa1
NF,Therapy Session,Grindin',spotify:track:3m6HMeFX6GIlGPMBcLEN6t
Louis Armstrong,"Stranger Things: Soundtrack from the Netflix Series, Season 4",Dream a Little Dream of Me,spotify:track:1LqHJtbJ7TLxer59vF25Hc
