library_track_id,artist,album,track,uri
0,Natalia Lacunza,Otras Alas,Olivia,spotify:track:0okyvelhnnloZWHv6DwgSM
1,Nusrat Fateh Ali Khan,Shahen-Shah,Kali Kali Zulfon Ke Phande Nah Dalo,spotify:track:41p2AWpXt0QF4GFlsxVowq
2,Marshmello,BIBA,BIBA,spotify:track:0GVBPuCT3pBrXCdY3Uiy5B
3,Brothers + Company,Run,Take This Love,spotify:track:74ehQPUbiEVkUM0UdmkVzc
4,Pomme,les failles,grandiose,spotify:track:3NakEPSaVKsqqimJW66xCc
5,Skizzy Mars,The Red Balloon Project,Time (feat. G-Eazy & Olivver the Kid),spotify:track:1UmqCjLXjTwPmuTeaopDQh
6,Namita Choudhary,Chaap Tilak,Chaap Tilak,spotify:track:0XCtRvfDHT98h0iUSDFtyO
7,BoyWithUke,IDGAF,IDGAF (with blackbear),spotify:track:1nIO7R7447n8aWH4QmFBHC
8,Vance Joy,Dream Your Life Away,Riptide,spotify:track:3JvrhDOgAt6p7K8mDyZwRd
9,Nicky Youre,Sunroof,Sunroof,spotify:track:3RfTeIrWS8LNrfHYwechtt
10,Labrinth,Euphoria (Original Score from the HBO Series),Formula,spotify:track:6EtKlIQmGPB9SX8UjDJG5s
11,Noah Cyrus,Again (feat. XXXTENTACION),Again (feat. XXXTENTACION),spotify:track:2S2od3hT7ceytw7d1pTRuE
12,Metro Boomin,NOT ALL HEROES WEAR CAPES,Space Cadet (feat. Gunna),spotify:track:1fewSx2d5KIZ04wsooEBOz
13,Kids In America,Summer of Love,Summer of Love,spotify:track:1KbTuqLQFreQpsrbF6tn1R
14,The Weeknd,After Hours,Hardest To Love,spotify:track:6kWxIqQDsKFYCJGbU4AjCX
15,Hasan Raheem,SHE,Aarzu,spotify:track:0VRTOe8RLdpE2Pl557PCno
16,The Tamaashbeens,Singles,Razayi,spotify:track:2xUUT3uDkvpxiuGBWLUsSv
17,Imanbek,I'm Just Feelin' (Du Du Du),I'm Just Feelin' (Du Du Du),spotify:track:73ThEGwF5i9GrsXXGyZBRa
18,HVME,Goosebumps,Goosebumps,spotify:track:20McUFi8KCIVdNDLrkTDuZ
19,"merci, mercy",Why'd You Only Call Me When You're High?,Why'd You Only Call Me When You're High?,spotify:track:7GzmBQVPlJ9blD0Qb7Dbq8
20,RAYE,Euphoric Sad Songs,Regardless,spotify:track:3DTqHfTGj1c6y2gDXsTez4
21,Bastille,Bad Blood,Pompeii,spotify:track:3gbBpTdY8lnQwqxNCcf795
22,PJ Harvey,Red Right Hand,Red Right Hand - From 'Peaky Blinders' Original Soundtrack,spotify:track:0E0ZAWynZx0CutIg4rb8q3
23,Sune Rose Wagner,Altered Carbon (Original Series Soundtrack) [Deluxe],Let My Baby Ride,spotify:track:6DF5tZ8H0JIk6GHxdLSWiT
24,Post Malone,beerbongs & bentleys,rockstar (feat. 21 Savage),spotify:track:0e7ipj03S05BNilyu5bRzt
25,Nusrat Fateh Ali Khan,Best of Ustad Nusrat Fateh Ali Khan,Chaap Tilak Sab Cheen,spotify:track:3bd4ge8KHgWggvYMJFFHKV
26,Fareed Ayaz Abu Muhammad Qawwal,"Mehfil E Samaa, Vol. 3",Chaap Tilak,spotify:track:1M1HJZOQsAbk3ecF3FE8kG
27,Majid Jordan,Caught Up (feat. Khalid),Caught Up (feat. Khalid),spotify:track:1opARDDYaOeE1QUdwXmBGu
28,Journey,80s 100 Hits,Don't Stop Believin',spotify:track:3HRQtRUYnnuZY7fE900XtJ
29,Creedence Clearwater Revival,Green River,Bad Moon Rising,spotify:track:20OFwXhEXf12DzwXmaV7fj
30,The Weeknd,Dawn FM,Best Friends,spotify:track:78kBfiOIowbBQ96iQGQCl8
31,Nusrat Fateh Ali Khan,Body and Soul,Barsoon Kay Intizar Ka,spotify:track:1QZnpSnrAbD6NUmbpO2UHL
32,Yoke Lore,Goodpain,Beige,spotify:track:0FfZudphGgQTGeEV6AhmOs
33,Hozier,Hozier (Expanded Edition),Jackie and Wilson,spotify:track:4JpazKcfOhbwqZrsYhzHee
34,4*TOWN (From Disney and Pixar’s Turning Red),Nobody Like U,"Nobody Like U - From ""Turning Red""",spotify:track:6WdfqDzpz3XkvMSlPVc0U8
35,The Weeknd,After Hours,Scared To Live,spotify:track:4BGZF4oLbTL0pWm7C18pbv
36,The Weeknd,Dawn FM,Don’t Break My Heart,spotify:track:3LAJkm4BFdM6Qx5vhmLxsN
37,Glass Animals,Dreamland,Space Ghost Coast To Coast,spotify:track:1mvWUzig2lE0QGmvSZdnnR
38,Vansire,Metamodernity,Metamodernity,spotify:track:61GiMDN1kUiEQK6zHGMdnx
39,Ramin Djawadi,Westworld: Season 1 (Music from the HBO Series),"Paint It, Black",spotify:track:6rSVuRt7xl4GsEQv4tphSl
40,Camila Cabello,Don't Go Yet,Don't Go Yet,spotify:track:1058fW9H3fZA6QjYCdOBad
41,Prateek Kuhad,"Kasoor (From ""Dhamaka"")","Kasoor (From ""Dhamaka"") - Acoustic",spotify:track:7mJdz7uNv3jgVSIMkSf8ca
42,Hozier,Hozier (Expanded Edition),Work Song,spotify:track:5TgEJ62DOzBpGxZ7WRsrqb
43,renforshort,virtual reality,virtual reality,spotify:track:7wWqAGY1k2cr1ntffgBBH1
44,The Weeknd,Dawn FM,Out of Time,spotify:track:5pzEL5TSvnT36z8fnMuyJL
45,Childish Gambino,Kauai,Sober,spotify:track:5NhlpQ6BOIz3S5welptk1W
46,The Cardigans,First Band On The Moon,Lovefool - Radio Edit,spotify:track:0u4htORODiTK9vHVA89MQX
47,blackbear,@ my worst,@ my worst,spotify:track:0mHGftgYtmpH4y17T3VZ2E
48,Fareed Ayaz Abu Muhammad Qawwal,Annual Festival - March 2007,Ghar Nari Ganwari,spotify:track:4vMsuKK8IpCrauhaQ941II
49,Abdullah Siddiqui,GO,GO,spotify:track:6NEEbZXla00cRzXErdNZ6k
50,Julia In Red,Galaxy Dreaming,Luv Nw,spotify:track:2vWNU4PYzxvC0Sq3MZ8O7z
51,Raihan,The Spirit of Shalawat,Tola'al Badru,spotify:track:1aOo6ZkQCMmKXyjirZubee
52,Taba Chake,Blush,Blush,spotify:track:6IjeHG6oLIkZeSq2SMEAtd
53,Pritam,Dum Maaro Dum,Jiyein Kyun,spotify:track:0up9rhm9qt2LW7cnoDFCMk
54,Kings Cross Stringband,Row Me Bully Boys,Row Me Bully Boys,spotify:track:4M8KqCrBafWw7UfugjZ8ln
55,Wallows,Nothing Happens,Are You Bored Yet? (feat. Clairo),spotify:track:57RA3JGafJm5zRtKJiKPIm
56,Prateek Kuhad,Just A Word,Just A Word,spotify:track:4iP7HF6dhCmvXOk6pHnX9u
57,Labrinth,Imagination & the Misfit Kid,Mount Everest,spotify:track:1ZdhOMWyFR8Iv9eylMGYg2
58,Ansel Elgort,Supernova,Supernova,spotify:track:2ZIZXWnU52s0C75sPYiwvh
59,Prateek Kuhad,Kasoor,Kasoor,spotify:track:08kTa3SL9sV6Iy8KLKtGql
60,DJ Khaled,GREECE (feat. Drake),GREECE (feat. Drake),spotify:track:35RJhm1pEovTBwnNR0zWad
61,Social House,Magic In The Hamptons (feat. Lil Yachty),Magic In The Hamptons (feat. Lil Yachty),spotify:track:2Yer0p7uB2lVBUAtANuuQp
62,Elton John,Rock Of The Westies,Don't Go Breaking My Heart,spotify:track:5nPdMALTEd7HOjn16oNf2X
63,Qari Waheed Zafar Qasmi,"Gulzar e Madina, Vol. 2",Qasida Burda Sharif,spotify:track:2zsQKhZhWNUxY5YCKSxjoS
64,Hadiqa Kiani,Roshni,Boohey Barain,spotify:track:3rm4fbWPpW7S0Mwka131vb
65,Jonas Brothers,What A Man Gotta Do,What A Man Gotta Do,spotify:track:4wNIkl5XGiAACjFBlDWuSd
66,Hasan Raheem,Kya Kahun,Kya Kahun,spotify:track:1DTyh9DlzFvtobjJTPaR0B
67,Nusrat Fateh Ali Khan,Shahbaaz,Dhyahar-Eh-Ishq Meh,spotify:track:1ne7VeZlEvLtupOPaq8Yx6
68,Atif Aslam,Mustafa Jaan-E-Rehmat,Mustafa Jaan-E-Rehmat,spotify:track:1QSZGKtQ35ZIpU7cPseaa9
69,Nusrat Fateh Ali Khan,30 Greatest Hits Rahat and Nusrat Fateh Ali Khan,Sanu Ek Pal Chain Na Aawe,spotify:track:46QBWRo5ar8B3pGjgAOANI
70,WILLOW,ARDIPITHECUS,Wait a Minute!,spotify:track:0y60itmpH0aPKsFiGxmtnh
71,Rahat Fateh Ali Khan,Ishqiya,Dil To Bachcha Hai,spotify:track:3EFGRGsshk0NWidcXfhKvw
72,Travis Scott,Goosebumps,Goosebumps - Remix,spotify:track:5uEYRdEIh9Bo4fpjDd4Na9
73,Swae Lee,Shang-Chi and The Legend of The Ten Rings: The Album,In The Dark (with Jhené Aiko),spotify:track:0zaoWwS8RpE3LSDdmkg8TC
74,Dayglow,Fuzzybrain,Hot Rod,spotify:track:0zePbRMJ9sd7wsZRlbPQua
75,Kid Cudi,Entergalactic,Willing To Trust (with Ty Dolla $ign),spotify:track:1OFQT3lHGbnn3x9jPtagXk
76,Tori Amos,Little Earthquakes,Smells Like Teen Spirit - 2015 Remaster,spotify:track:1kWqRB6PHLM9QTfaXuHpIV
77,H.E.R.,Comfortable,Comfortable,spotify:track:3f3cliOygeuUpGRwdohy12
78,Nusrat Fateh Ali Khan,My Top 50 Qawwalies,Tumhain Dillagi Bhool Jani Paray Gi,spotify:track:5emRxq4oACZeHNuUhw09XV
79,Hozier,"Wasteland, Baby!",Would That I,spotify:track:37zuIvk4KBkAxxLJsxJaHq
80,Hozier,Hozier (Expanded Edition),Like Real People Do,spotify:track:57V4uc2b2diZ4RPHXWecb9
81,Khanvict,Kahani,Turiya Turiya,spotify:track:1F6QRDyVmsTu3rBdeo78mY
82,Fareed Ayaz Abu Muhammad Qawwal,"From Pakistan With Love, Vol. 1",Mere Baney Ki,spotify:track:12AhPYjDne2IIg8DOj47lc
83,Riz Ahmed,The Long Goodbye,Toba Tek Singh,spotify:track:40YF7t5DgNQBXsrul31hdr
84,Haiden,Can't Hurt Me,Can't Hurt Me,spotify:track:4BCAXwVHdlX8xivo58czJH
85,Giveon,When It's All Said And Done... Take Time,Heartbreak Anniversary,spotify:track:27tDoZsybt3KvJWTDoW9id
86,Anuv Jain,Gul,Gul,spotify:track:0NLkVxf0PyxsXBG3EuZcJf
87,Bayaan,4 Saal,Nahin Milta,spotify:track:0cUdmruT6kjxa5KpteSdwc
88,dhruv,rapunzel,double take,spotify:track:0QzuaeCEEOV40Pn7IvKEny
89,Julia Michaels,Jump (with Trippie Redd),Jump (with Trippie Redd),spotify:track:2OvV4NjEBRE9v8Oo7QeUCq
90,Riz Ahmed,The Long Goodbye,Where You From,spotify:track:1rZ4MbM8b3Q7crFW4j0KfI
91,Hozier,Nina Cried Power - EP,NFWMB,spotify:track:2iQYqdalv245vrCEM4W9N9
92,Paul Anka,Sings His Favorites,Put Your Head on My Shoulder,spotify:track:7eqNATKM78MkWP6aHGXHEV
93,Drake,If You're Reading This It's Too Late,Jungle,spotify:track:7JXZq0JgG2zTrSOAgY8VMC
94,NOISY,So What?,So What?,spotify:track:73W043sEjYgdXLtA1iEFug
95,Maddie & Tae,Spotify Singles,Watermelon Sugar (featuring Avenue Beat),spotify:track:6pPD1k342KK4fMU6xPHufi
96,Dayglow,Close To You,Close To You,spotify:track:4ReJJcpW8HtVnqzhf6DwNV
97,The Paper Kites,Woodland - EP,Bloom - Bonus Track,spotify:track:41yIvlFgvGwxq8qTqAR7eG
98,Osho Jain,Wahaan,Khud Se,spotify:track:5hL9yKGJAMUxfwsjFnJ0aR
99,Glass Animals,Dreamland,Hot Sugar,spotify:track:3bPhqdsxSoNrDkDPOWWRZM
100,NF,The Search,The Search,spotify:track:3oLe5ZILASG8vU5dxIMfLY
101,Faris Shafi,Nazar,Nazar,spotify:track:0U1CGHIqvoWbgCX5x4tKs6
102,Nerina Pallot,Hold On,Love Will Tear Us Apart,spotify:track:7qOiwhfmi3EwtujZNKTrgL
103,Vince Staples,RAMONA PARK BROKE MY HEART,MAGIC,spotify:track:7jN5Abri3a1crehbnlWa1F
104,WORMONO,Laaree Chootee,Laaree Chootee,spotify:track:0HnbfIzOu6eLF8Kb1mT9Wl
105,The 1975,A Brief Inquiry Into Online Relationships,Love It If We Made It,spotify:track:6WmIyn2fx1PKQ0XDpYj4VR
106,salem ilese,PS5 (with TOMORROW X TOGETHER & Alan Walker),PS5 (with TOMORROW X TOGETHER & Alan Walker),spotify:track:7xNCacksfUkYXsXuSW4vNF
107,Invadable Harmony,The Dream Weaver,Blinding Lights,spotify:track:5c4jAWZ2Fzd5baZyuYURY4
108,JVKE,Upside Down,Upside Down,spotify:track:614OkajfRPH8V0ugNQnduP
109,Justin Bieber,Changes,All Around Me,spotify:track:5Py8zRKGkZvgHniVVtvNCN
110,Glass Animals,Dreamland,Heat Waves,spotify:track:1sC2aPRap0IAPocPJR1Wbr
111,The Local Train,Vaaqif,Mizaaj,spotify:track:0PivOoKM1sECNTsZ7K6N3h
112,Bishop Briggs,Church Of Scars,River,spotify:track:3mRLHiSHYtC8Hk7bzZdUs1
113,AnnenMayKantereit,Tom's Diner,Tom's Diner,spotify:track:0oA9wBGDY4uyILLg4GymWP
114,Glass Animals,Dreamland,Domestic Bliss,spotify:track:2ppmG1g7AD9xxphHmhjg8N
115,Shamoon Ismail,Scars & Screws,Faasla,spotify:track:3TB0OtQMzrPoNcmXfUMVzC
116,Adele,21,Rolling in the Deep,spotify:track:1eq1wUnLVLg4pdEfx9kajC
117,blackbear,i feel bad,i feel bad,spotify:track:1woVRb6gryP7hsMvBkiIzj
118,Asha Bhosle,Gharana (Original Motion Picture Soundtrack),Mere Banne Ki Baat Na Poochho,spotify:track:1eMYQ5Ai14KLCNaWL2lveb
119,Hippie Sabotage,Providence,Devil Eyes,spotify:track:7MiZjKawmXTsTNePyTfPyL
120,Drake,"Honestly, Nevermind",Jimmy Cooks (feat. 21 Savage),spotify:track:3F5CgOj3wFlRv51JsHbxhe
121,Taylor Swift,folklore,cardigan,spotify:track:4R2kfaDFhslZEMJqAFNpdd
122,Taylor Swift,evermore,willow,spotify:track:3Uo7WG0vmLQ07WB4BDwy7D
123,GASHI,GASHI,Roses,spotify:track:6qc5EODnUU7XX4zn8B4c89
124,Swedish House Mafia,Lifetime,Lifetime (with Ty Dolla $ign & 070 Shake),spotify:track:3zQpGaH50HeMjxurMZVF6q
125,Florence + The Machine,MTV Presents Unplugged: Florence + The Machine,"Shake It Out - MTV Unplugged, 2012",spotify:track:5cboXDVjQ26ajNceiv8i45
126,Jeff Russo,Altered Carbon (Original Series Soundtrack) [Deluxe],The Next Screen (Bonus),spotify:track:3l4zwQMqSOx0a6HbIich8X
127,Noah Cyrus,July (feat. Leon Bridges),July (feat. Leon Bridges),spotify:track:3V0nnQhqvbE3JmiDdnzQFQ
128,Simply Three,Wildest Dreams,Wildest Dreams,spotify:track:5k7vgX9oWJzVZrMqooTHy7
129,Riz Ahmed,The Long Goodbye,Ammi: Come Home,spotify:track:6xahNecP64iCaXEeIo48VW
130,Fareed Ayaz Abu Muhammad Qawwal,"Mehfil E Samaa, Vol. 1",Meray Banay Ki Baat,spotify:track:4aHsGpwytNOnmvJoTD6yuD
131,Niall Horan,Nice To Meet Ya,Nice To Meet Ya,spotify:track:3cphb8kdsjElYR7r5icK3H
132,Meek Mill,Championships,Going Bad (feat. Drake),spotify:track:2IRZnDFmlqMuOrYOLnZZyc
133,blackbear,deadroses,4u,spotify:track:1XcXhu1X0xBFMDFyq0b7Ue
134,¿Téo?,Sol,What's On Ur Mind,spotify:track:1bVc0bHh3nrsaWtWZPFMqY
135,Nusrat Fateh Ali Khan,Immortal Collection of Nusrat,Sanu Ek Pal Chain Na Aawe,spotify:track:3Yfpl9blCcKLU7uULSQWJU
136,Drake,Pop Style,Pop Style,spotify:track:23NWj2izXAJ4yL6Nah73wf
137,Zohaib Kazi,Coke Studio Season 11,Hum Dekhenge,spotify:track:4rP97uZJ2DdqIGPIvVyeiO
138,Raleigh Ritchie,Time in a Tree,Time in a Tree,spotify:track:69n5plRIWxMH7diq0UYFPg
139,Elley Duhé,MIDDLE OF THE NIGHT,MIDDLE OF THE NIGHT,spotify:track:58HvfVOeJY7lUuCqF0m3ly
140,Leonardo Reyes,Hits,Blinding Lights,spotify:track:763nb3EOeLEeJsELNuel1b
141,Glass Animals,Dreamland,Your Love (Déjà Vu),spotify:track:3NAGZe9GWtE8Nvfj6huEzE
142,Jaymes Young,What Is Love,What Is Love,spotify:track:6CIff9z94pPApi2i3k2lq1
143,Hadiqa Kiani,"Wajd, Vol. 1",Chaap Tilak,spotify:track:5CfRvzHJ79AYTudLzMcTlp
144,Surf Mesa,ily (i love you baby) (feat. Emilee),ily (i love you baby) (feat. Emilee),spotify:track:62aP9fBQKYKxi7PDXwcUAS
145,Paravi,Cloud 9,Cloud 9,spotify:track:0Qj4YyHTtV01Fvfl2fibea
146,DJ Khaled,WE GOING CRAZY (feat. H.E.R. & Migos),WE GOING CRAZY (feat. H.E.R. & Migos),spotify:track:39TaDkZ8WUtVLgvVjGSdPd
147,NF,CLOUDS (THE MIXTAPE),CLOUDS,spotify:track:1mvI5pGoh84IiFSbWxEkGH
148,Frank Sinatra,The Classic Christmas Album,Let It Snow! Let It Snow! Let It Snow! (with The B. Swanson Quartet),spotify:track:0SUKNXEqZnRw7g0NO139FM
149,Billie Eilish,"WHEN WE ALL FALL ASLEEP, WHERE DO WE GO?",all the good girls go to hell,spotify:track:6IRdLKIyS4p7XNiP8r6rsx
150,DRAM,Gahdamn!,Caretaker (feat. SZA),spotify:track:4XQQovRSltOGWevTCgacXY
151,Nusrat Fateh Ali Khan,Ustad Nusrat Fateh Ali Khan,Tujh Mein Hai Rab Dikhta - Complete Original Recording,spotify:track:0j4cCrKkMxuN6gBpGc4N2g
152,The Weeknd,In Your Eyes,In Your Eyes (with Doja Cat) - Remix,spotify:track:0UnTaVkntyh3vqvLEvbpQx
153,Clairo,diary 001,Hello?,spotify:track:7qwt4xUIqQWCu1DJf96g2k
154,Watson,All Falls Down,All Falls Down,spotify:track:2ZQAI1UeXtUWMUX2hl1hYb
155,Maria Mena,Cause and Effect,I Was Made for Loving You,spotify:track:4KRTc3Gp9LLfMktZ7Xe7U1
156,Glass Animals,Dreamland,Your Love (Déjà Vu),spotify:track:47lpupacjEhBmjgGj1dU9a
157,Eminem,Relapse [Deluxe],Bagpipes From Baghdad,spotify:track:5SyedOgBgBwH41jSHfwBy9
158,Himonshu Parikh,Katputli Ke Dhaage,Katputli Ke Dhaage,spotify:track:520NVZmA0cXVRrUUg0hOsc
159,Olivia Rodrigo,deja vu,deja vu,spotify:track:61KpQadow081I2AsbeLcsb
160,Asim Azhar,Ghalat Fehmi,"Ghalat Fehmi - From ""Superstar""",spotify:track:5mnvugwfFYnJm9zuyGkgqF
161,The Weeknd,After Hours,After Hours - The Blaze Remix,spotify:track:543YcSR2dHRtlqg0wJ5cFv
162,The Weeknd,After Hours,Too Late,spotify:track:2K9Ovn1o2bTGqbsABGC6m3
163,Falak Shabbir,Latest Songs Of Ayushmann Khurrana,Mera Mann Kehne Laga,spotify:track:1ai3itvPFcWilE9NX0JTCf
164,Russ,Are You Entertained (feat. Ed Sheeran),Are You Entertained (feat. Ed Sheeran),spotify:track:5bLGQqcpsz5ISWeihZfJnR
165,Amber Run,5AM (Expanded Edition),I Found,spotify:track:5zT5cMnMKoyruPj13TQXGx
166,Hippo Campus,Landmark,way it goes,spotify:track:75jHGZkVYcbLDlS1SQkWgz
167,Cage The Elephant,Tell Me I'm Pretty,Cold Cold Cold,spotify:track:1Q3t9fWvHUXKsMmpD2XpUu
168,Ava Max,My Head & My Heart,My Head & My Heart - Jonas Blue Remix,spotify:track:7x74XLYJqptDCmY4y3FaVh
169,The Neighbourhood,Chip Chrome & The Mono-Tones (Deluxe),Stargazing,spotify:track:0VF7YLIxSQKyNiFL3X6MmN
170,Post Malone,Hollywood's Bleeding,Circles,spotify:track:21jGcNKet2qwijlDFuPiPb
171,Hassan & Roshaan,Chaar Dinon Ka Khwaab,Doobne De (Reprise),spotify:track:5wCXwpUnp9Yz56dfqi4gNA
172,Nusrat Fateh Ali Khan,Best Urdu Qawwalies,Ankh Uthi Mohabbat Ne,spotify:track:2GR4SBWPssc9JN4C0fQKEg
173,Mt. Joy,Mt. Joy,Jenny Jenkins,spotify:track:7I0Ep2xYqltHpke3Kg0WPT
174,Marshmello,Numb,Numb,spotify:track:10xV5l9nhLvFpR8mqzs0bL
175,Carmen Goett,La Llorona,La Llorona,spotify:track:2TEK053VG4TNxYkIWL3NfW
176,Lost Frequencies,Where Are You Now,Where Are You Now,spotify:track:3uUuGVFu1V7jTQL60S1r8z
177,FINNEAS,Spotify Singles,Medieval - Spotify Singles,spotify:track:2WtXFUMBeHogKEMQnzQ78e
178,George Ezra,Staying at Tamara's,Shotgun,spotify:track:4ofwffwvvnbSkrMSCKQDaC
179,Khalid,American Teen,Location,spotify:track:152lZdxL1OR0ZMW6KquMif
180,Hasan Raheem,Darr,Darr,spotify:track:1X0EvxEOVADp4CkExIU6Dy
181,MEDUZA,Piece Of Your Heart,Piece Of Your Heart,spotify:track:5p1ex0pXv6jSPJ6QbumQpD
182,David Alexander,Crazy,Crazy,spotify:track:77QrmJAISNg6ZRGikScJlC
183,ABBA,Voulez-Vous,Gimme! Gimme! Gimme! (A Man After Midnight),spotify:track:7r5bS08R8d0jZuDZutVeHQ
184,Rozeo,Fitoor,Fitoor,spotify:track:59JAyLDknHxl9PPWwdXFqM
185,John Newman,Tribute,Love Me Again,spotify:track:5VSCgNlSmTV2Yq5lB40Eaw
186,Jal -The Band,Aadat,Lamhay,spotify:track:2jU0vqjU22JCRXYLTcSrKs
187,Kina,Get You The Moon (feat. Snøw),Get You The Moon (feat. Snøw),spotify:track:4ZLzoOkj0MPWrTLvooIuaa
188,Arctic Monkeys,Live at the Royal Albert Hall,Why'd You Only Call Me When You're High? - Live,spotify:track:1VUcb7Ik5bYw0SzXBH9rLr
189,Joel Sunny,Love Nwantiti (Violin),Love Nwantiti (Violin),spotify:track:2XXsWvhSIBzpeQ0c3NRm7f
190,Ludwig van Beethoven,Beethoven Greatest Hits,"Für Elise, WoO 59",spotify:track:6MQAB3vorg90FA3tQpbYXK
191,twocolors,Lovefool,Lovefool,spotify:track:51Of5p3lKZeOg6itfs4og4
192,Panic! At The Disco,Death of a Bachelor,House of Memories,spotify:track:2DgdHcjWmO3qd50RzuBLgZ
193,Mohit Chauhan,Anjaana Anjaani,Tujhe Bhula Diya,spotify:track:4r8JqkhpTb5tzSKKHnVJIJ
194,Maanu,Yain City,Pak Sar Zameen,spotify:track:0e2Kcqlh55NN9MNqGYHOLg
195,Eurythmics,Sweet Dreams (Are Made Of This),Sweet Dreams (Are Made of This) - Remastered,spotify:track:1TfqLAPs4K3s2rJMoCokcS
196,Nusrat Fateh Ali Khan,Best 50 Sufi Qawwali Hits,Aaj Rung Hai,spotify:track:51A88LKAphHAg6o2J5dLY9
197,All Time Low,Blinding Lights,Blinding Lights,spotify:track:2fx0rkeRamaGtmtA5QVkuy
198,Neha Bhasin,Chitta Kukkad - Single,Chitta Kukkad,spotify:track:20lOkTejknlhjfhBnVzzN6
199,YCK,Lowkey II,Lowkey II,spotify:track:6V2hS0icfQfgC4pzKogJo4
200,Ritviz,Liggi,Liggi,spotify:track:4vwPirpSJCOiIsgxMV4Xcv
201,AURORA,All My Demons Greeting Me as a Friend,Runaway,spotify:track:0TCmhnbMpw5zwPsTvlXTJi
202,Dominic Fike,What Could Possibly Go Wrong,Vampire,spotify:track:0SRPuTnr5QOKRoIxMvvlgK
203,Hasan Raheem,Nautanki,Kaleji,spotify:track:3ZQWPz5ggiFgRPHrpQ2doQ
204,Glass Animals,Dreamland,Tokyo Drifting,spotify:track:4l6KwZ6QmrjK3GHFd9Cr7i
205,Gealdýr,Sær,Jörmungandr,spotify:track:5eekOqS9Al1WFTygqSdtRY
206,SEB,seaside_demo,seaside_demo,spotify:track:73M0rMVx5CWE8M4uATSsto
207,Tall Heights,Neptune,Spirit Cold,spotify:track:1vG6jMgSoqT3zG9tuDrL2E
208,Sabrina Claudio,About Time,Belong to You (feat. 6LACK),spotify:track:2I88NEWpKrAPZuapXNV5G6
209,The Raconteurs,Broken Boy Soldiers,Broken Boy Soldier,spotify:track:3sHbegiNDtJ24gAxthAvbO
210,The Fray,Helios,Love Don't Die,spotify:track:6IDDwI0YOCAUDhMZltQekS
211,Hozier,Hozier (Expanded Edition),Cherry Wine - Live,spotify:track:1C042FLYy7rP3MfnkOcnha
212,remy,a little bit won't kill you but a lot of it sure will,a little bit won't kill you but a lot of it sure will,spotify:track:0BYH5Od9fvSFPvpIhD3DlU
213,dhruv,rapunzel,moonlight,spotify:track:2Qn6WHJrY5Im82Jux8FboH
214,Abi Sampa,Rang,Rang,spotify:track:6IDdsMYRvj3ljsP7jj9wlK
215,flora cash,"Baby, It's Okay",You're Somebody Else,spotify:track:6iWEhoALoBFnQMNVhYY0Sc
216,Prateek Kuhad,cold/mess,cold/mess,spotify:track:7uhINGViZPygI2AljxO8KN
217,"Earth, Wind & Fire",Raise!,Let's Groove,spotify:track:3koCCeSaVUyrRo3N2gHrd8
218,Johnny Cash,American V: A Hundred Highways,God's Gonna Cut You Down,spotify:track:6RFkVsPmrM4pzlDkFswwJl
219,Abida Parveen,Ishq Mastana,Main Nara-a-mastana,spotify:track:49iFkcYxjhgp0rUjSp55Hx
220,Ava Max,Freaking Me Out,Freaking Me Out,spotify:track:7uYIX9O9DY6l1D3HiwHR1J
221,Dan Auerbach,Keep It Hid,The Prowl,spotify:track:6KmSpuVSuYBvut7zb1e0ys
222,Hozier,Hozier (Expanded Edition),Take Me to Church,spotify:track:1CS7Sd1u5tWkstBhpssyjP
223,Giant Rooks,Wild Stare,Wild Stare,spotify:track:2SClPoLfPJmwrr3EyfgRTS
224,Hadiqa Kiani,"Wajd, Vol. 1",Rung,spotify:track:7hITVKrh3ZYak0oQhHJZQM
225,Fareed Ayaz Abu Muhammad Qawwal,"Greatest Hits, Vol. 1",Meray Banay Ki Baat,spotify:track:7qNxNXc0NmsFsdOLdZcawR
226,Michael Brook,Night Song,"My Heart, My Life",spotify:track:51kDnf9dngc5G01ncfKc9K
227,Riz Ahmed,The Long Goodbye,Any Day,spotify:track:7s3HTvGXxHM6bhMlxjYolQ
228,Justin Bieber,Justice,Peaches (feat. Daniel Caesar & Giveon),spotify:track:4iJyoBOLtHqaGxP12qzhQI
229,Kid Cudi,Entergalactic,My Drug,spotify:track:6MQuFi8gzoJAYwxkYvnbb1
230,The Score,Carry On,Can You Hear Me Now,spotify:track:027qrQMWGsHo13amwdaBkI
231,Biryani Brothers,Ikisvi Sadi,Ikisvi Sadi,spotify:track:1w36qiuGc8Ui96uPxmN25A
232,Loi,Blinding Lights,Blinding Lights,spotify:track:0cQJGoRki2avKVodXEmr0d
233,Nusrat Fateh Ali Khan,Anthology - Nusrat Fateh Ali Khan,Aaj Rang Hai Ree Maan Hai Ree More Khwaja Ke Ghar Rang Hai Ree,spotify:track:5rG647coxeVk4yQ5npcISe
234,Hozier,"Wasteland, Baby!",Dinner & Diatribes,spotify:track:5tCtCqWcXBf7eoIunSxlO8
235,Salor,Coffee Bean,Coffee Bean,spotify:track:5fogsBq60cWKmSvbSJAZaW
236,Miller Blue,Rhythm in the Dance / Redbone,Redbone - Mahogany Sessions,spotify:track:1hLUzIRuUFCL0iwlDAzOVu
237,Prateek Kuhad,Tere Hi Hum,Tere Hi Hum,spotify:track:1TkyDEdjiUuYhoMkxdZCiO
238,J. Cole,2014 Forest Hills Drive,No Role Modelz,spotify:track:62vpWI1CHwFy7tMIcSStl8
239,Jessica Ricca,Hey It’s Delilah (Plain White T's Cover),Hey It’s Delilah (Plain White T's Cover),spotify:track:7iQAUulHOCpy20Io4CPAL0
240,Quinn XCII,A Letter To My Younger Self,Stacy,spotify:track:07ZQLYn9x4x3L3vxStc1zr
241,The Walters,I Love You So,I Love You So,spotify:track:4SqWKzw0CbA05TGszDgMlc
242,Ty Dolla $ign,Featuring Ty Dolla $ign,Spicy (feat. Post Malone),spotify:track:5IUtvfNvOyVYZUa6AJFrnP
243,Fareed Ayaz Abu Muhammad Qawwal,"Greatest Hits, Vol. 2",Ghar Nari Gawari,spotify:track:59otpKqzYoYdUbj69YUVLa
244,Danheim,Herja,Atgeir,spotify:track:1XAV6ZiIT6aBRRpVSAHTd0
245,Pitbull,Planet Pit (Deluxe Version),"Give Me Everything (feat. Ne-Yo, Afrojack & Nayer)",spotify:track:4QNpBfC0zvjKqPJcyqBy9W
246,Marianas Trench,Ever After,Desperate Measures,spotify:track:6JikuKcWFuPPC4MyKfvkHQ
247,Rovalio,Iraaday,Iraaday,spotify:track:6qrifdo7QINdPQr80IelGi
248,Dimitri Vegas & Like Mike,Too Much,Too Much,spotify:track:4m9HfhURlzkhM8kK4SqTqM
249,Kailash Kher,Javeda Sufiaana,Teri Deewani,spotify:track:3SmSv2sa0hvzxKLXZz4iVk
250,The Tokens,Both Sides Now,The Lion Sleeps Tonight,spotify:track:5X6VbizePQKSnt55YWWyGS
251,Matt Johnson,Blinding Lights,Blinding Lights - Acoustic,spotify:track:0AnCfsyN0FGqehGdJYggaN
252,Drake,0 To 100 / The Catch Up,0 To 100 / The Catch Up,spotify:track:4jtyUzZm9WLc2AdaJ1dso7
253,Ankur Tewari,Gully Boy,Jeene Mein Aye Maza,spotify:track:33HXbggKvIitg7y3UBhNfn
254,Nusrat Fateh Ali Khan,"Best of Nusrat Fateh Ali Khan, Vol. 3",Aaj Rang Hai,spotify:track:0WBkJWrLbVX44VXTg0fVtz
255,The Beach Boys,The Very Best Of The Beach Boys: Sounds Of Summer,Kokomo,spotify:track:5qHYXcVvc9xsFB2uH7GpMN
256,Cheriimoya,"Living Life, In The Night","Living Life, In The Night",spotify:track:2kx5sQgmjYug0GiDh1a4sU
257,Nusrat Fateh Ali Khan,Ustad Nusrat Fateh Ali Khan,Sochta Hoon Keh Woh Kitne Masoom Teh - Complete Original Recording,spotify:track:7GIzQFxHdON9BXJXea86pv
258,The Tamaashbeens,Singles,Lighter machis,spotify:track:0qtUfrAsXBUdTL0Kx7qYm7
259,The Weeknd,Kiss Land,Kiss Land,spotify:track:5idmfDT06TjCQ1SPDsa5qh
260,Jimmy Khan,Chan Kithan,Chan Kithan,spotify:track:5MO6k0kveHCQboK4R6aunm
261,blackbear,queen of broken hearts,queen of broken hearts,spotify:track:1YaLBadQjS701ZLZRGjPMX
262,Sean Paul,Tomahawk Technique,She Doesn't Mind,spotify:track:1zZIGnXIcDKU8QIUkR20nK
263,Dave Swarbrick,Swarbrick / Swarbrick II,The Swallows Tail / Rakes of Kildare / Blackthron Stick,spotify:track:4175M4IHnw4xDqZB9gOWFw
264,Hasan Raheem,Nautanki,Peanut Butter,spotify:track:6DULqMlVA3TBjhl5gxnTp1
265,Advait,Tu Hai Kahaan?,Tu Hai Kahaan?,spotify:track:3PbTavZmyYwMWqYsAC44id
266,Chase Atlantic,Nostalgia,Friends,spotify:track:2jQiSYrwJehQAcuaaQrXnS
267,Hozier,"Wasteland, Baby!","Wasteland, Baby!",spotify:track:1HYnjKqSSHh1tdl2Hi57zH
268,Shabnam Majeed,Supreme Ishq Anarkali,Sada Hoon Apne Pyar,spotify:track:7zfWzD35I0iE9CmnsKiU74
269,Danheim,Ivar's Revenge (Danish Viking Music),Ivar's Revenge (Danish Viking Music),spotify:track:09EA4enOk1gBwSEgsxaGkn
270,DVBBS,West Coast (feat. Quinn XCII),West Coast (feat. Quinn XCII),spotify:track:4fCE1SCDulouoac9Q8XroU
271,Aziz Mian,Greatest Hits Of Aziz Mian Vol -2,Teri Soorat ( Main Sharabi Sharabi ),spotify:track:760aj6eKUUjKcnzt8nhB81
272,Teddy Swims,Blinding Lights,Blinding Lights,spotify:track:66aMnwdhkEc1V0AAnyYchX
273,DripReport,Skechers,Skechers,spotify:track:2alc8VZAzDgdAsL2QMk3hu
274,Emotional Oranges,The Juice: Vol. I,Personal,spotify:track:5jrr4qdmd6jmstVgHxCXMO
275,Gorgon City,Escape,One Last Song,spotify:track:705VoqUPldtYc1crZv5oeB
276,The Neighbourhood,Wiped Out!,Daddy Issues,spotify:track:5E30LdtzQTGqRvNd7l6kG5
277,Nizami Brothers,"Global Sufi, Vol. 1",Mere Banne Ki Baat,spotify:track:79gkupPwckmzt2wd6iySoq
278,Quinn XCII,A Letter To My Younger Self,Am I High Rn (feat. blackbear),spotify:track:1db6ixe9nX6cqt2V1DYZnW
279,BoyWithUke,IDGAF,IDGAF (with blackbear),spotify:track:6Jrdb6CFOJEGaHjaa6c4WR
280,Mr.Kitty,Time,After Dark,spotify:track:2LKOHdMsL0K9KwcPRlJK2v
281,Hassan & Roshaan,Chaar Dinon Ka Khwaab,Ishq Bina,spotify:track:2Ex6KWRTPvHtRveKdxc5gC
282,G-Eazy,The Beautiful & Damned,Him & I (with Halsey),spotify:track:5k38wzpLb15YgncyWdTZE4
283,Less Is More,Cool Kids/Riptide (Originally Performed by Echosmith and Vance Joy),Cool Kids/Riptide (Originally Performed by Echosmith and Vance Joy),spotify:track:5jtbbkTh7x4UeMVAvF2KaI
284,Grouplove,Never Trust a Happy Song,Tongue Tied,spotify:track:0GO8y8jQk1PkHzS31d699N
285,Years & Years,Communion,Desire,spotify:track:20ouJW3BTG6aFAugslihCw
286,Yashraj,Galat / Sahi,Galat / Sahi,spotify:track:1QtD4zdke0HDhS92yyFSRL
287,Bayaan,Suno,Teri Tasveer,spotify:track:4iBIFGEGJ0I5ezZZ6VXYp7
288,Paloma Faith,A Perfect Contradiction,Only Love Can Hurt Like This,spotify:track:62ke5zFUJN6RvtXZgVH0F8
289,Melanie Martinez,Cry Baby,Mad Hatter,spotify:track:5gWtkdgdyt5bZt9i6n3Kqd
290,The Fratellis,We Need Medicine,She's Not Gone Yet But She's Leaving,spotify:track:2wZ6WPZzq3doKFyFMwJM97
291,Shawn Mendes,Spotify Singles,Lost In Japan - Recorded at Spotify Studios NYC,spotify:track:7b1WVMX0FShcPWct8ca7ma
292,Ritviz,Jeet,Jeet,spotify:track:4ye8U0982eHtlhlvePpxtP
293,Tigercub,Blue Mist in My Head,Blue Mist in My Head,spotify:track:1mz7I7FgwoyWaFljPHERXW
294,JVKE,this is what ____ feels like (Vol. 1-4),this is what falling in love feels like,spotify:track:2PWTZV5znjLtZC5T1EVJvL
295,Taylor Swift,"the ""dropped your hand while dancing"" chapter",it’s time to go,spotify:track:6RvmQShxVQwJ0AWMtP6JoU
296,Susanna and the Magical Orchestra,Melody Mountain,Love Will Tear Us Apart,spotify:track:3B6mxCWdcuNSfUZWsUZFwi
297,Hozier,Hozier (Expanded Edition),Someone New,spotify:track:2DNXgvkyv35vTWvdgjs7qn
298,L'Orchestra Cinematique,Ms Marvel - Blinding Lights,Ms Marvel - Blinding Lights - Epic Version,spotify:track:0ETO7nB1KJ16FkX4JEKPKy
299,Monsieur Periné,Nuestra Canción (feat. Vicente García),Nuestra Canción (feat. Vicente García),spotify:track:0qP9Kt3gmpDFoDUzl3REGs
300,Nothing But Thieves,Holding Out for a Hero,"Holding Out for a Hero - From the Trailer for ""Vikings"" - Series 2",spotify:track:60Lov8vYmURSKoxxU8Upbc
301,Neil Diamond,Love Songs,Sweet Caroline,spotify:track:6b5PBL2QNXmAt1DfqbwO9Z
302,Dansu,Do Do Do,Do Do Do,spotify:track:6rWdiPTBttPnS7qU0EBjPZ
303,Two Feet,A 20 Something Fuck,I Feel Like I'm Drowning,spotify:track:3aauaXWRgwCMoykMbI0Jq1
304,Hari & Sukhmani,Latthay Di Chaadar - Single,Latthay Di Chaadar,spotify:track:0QOJABRwcIx5WfzILs47eJ
305,Kid Cudi,Entergalactic,Somewhere to Fly (with Don Toliver),spotify:track:1irXetrpIyLUtvkNw2F2tu
306,Nusrat Fateh Ali Khan,Mustt Mustt,Nothing Without You,spotify:track:39Djd2DKnXaXwVGL6HhUWx
307,Hadiqa Kiani,Roshni,Boohey Bariyan,spotify:track:5WPRfVAQlrx1wIhyt19ncA
308,Backstreet Boys,This Is The End: Original Motion Picture Soundtrack,Everybody (Backstreet's Back) - Radio Edit,spotify:track:4rTeOSYqwXNz5qPR2DUTFZ
309,Nusrat Fateh Ali Khan,Ustad Nusrat Fateh Ali Khan,Tu Kuja Man Kuja - Complete Original Recording,spotify:track:2t7Caefxz7HfyTRyN5VsOL
310,Hozier,God of War Ragnarök (Original Soundtrack),Blood Upon the Snow,spotify:track:5cgacDGTfR9sm4W03syTyX
311,AJR,Spotify Singles,Location - Recorded at Spotify Studios NYC,spotify:track:7jwZYPS8reDirsT4Mvqpui
312,The Weeknd,After Hours,Heartless,spotify:track:6bnF93Rx87YqUBLSgjiMU8
313,Maanu,Risky,Risky,spotify:track:17ZXHiyOwcSBpzqK6w1yYP
314,Neon Trees,Animal (10th Anniversary Edition),Animal (10th Anniversary Edition) - Acoustic,spotify:track:0ZXSZYdrNLu2hciAxcp3ml
315,Taylor Swift,folklore,exile (feat. Bon Iver),spotify:track:4pvb0WLRcMtbPGmtejJJ6y
316,Tanmaya Bhatnagar,Kya Tum Naraaz Ho? (Raw),Kya Tum Naraaz Ho? (Raw),spotify:track:2rjCLFdX8n9xLoMZgdMMxt
317,Hasan Raheem,Sun Le Na,Sun Le Na,spotify:track:0tyK2eyMatZvNCVtbdNlmt
318,Zaeden,tere bina,tere bina,spotify:track:6N5WkgPIDoTdbCXyyIIKAv
319,Twenty One Pilots,Level of Concern,Level of Concern,spotify:track:6xZ4Q2k2ompmDppyeESIY8
320,H.E.R.,Slide,Slide,spotify:track:2rTnVB1bvwxHtaIl4uVu7f
321,renforshort,feel good inc. (feat. Mateus Asato),feel good inc. (feat. Mateus Asato),spotify:track:2GzlTbrFF2V6MwRDfBnYhf
322,Jack Harlow,Sweet Action,I WANNA SEE SOME ASS (feat. jetsonmade),spotify:track:2aWVaW1p2kUc5yuKwBmRJi
323,Lil Nas X,HOLIDAY,HOLIDAY,spotify:track:6zFMeegAMYQo0mt8rXtrli
324,Ritviz,Ved,Udd Gaye,spotify:track:5ZsAhuQ24mWHiduaxJqnhW
325,Coldplay,Music Of The Spheres,Biutyful,spotify:track:2L2mM3rEO3arNIMQnb3dou
326,The Neighbourhood,#000000 & #FFFFFF,Lurk,spotify:track:6NK6BSGwtmJ1HTOCYRWslQ
327,Beach Bunny,Honeymoon,Cloud 9,spotify:track:6vFsBXYczYsP0H3lgunZOm
328,Glass Animals,Dreamland,Heat Waves - Stripped Back,spotify:track:2Jhq4h8hWPNj24VWKbnd5B
329,78rpm,Friday Night Sessions,Blood Runs Red,spotify:track:4gpfV27daqpPRzsLUGzDRk
330,Verzache,Needs,Needs,spotify:track:0WKmVAD4VWk5EdTyCFILi4
331,Prateek Kuhad,Tum Jab Paas - Single,Tum Jab Paas,spotify:track:3FTRSa9mWB3kKx2jkhUAN3
332,Ritviz,Baaraat,Baaraat,spotify:track:0YLSjVxSb5FT1Bo8Tnxr8j
333,Chase Atlantic,Paradise EP,Slow Down,spotify:track:5lT5IZWW3JQErXELJpQgJ9
334,Prateek Kuhad,Tune Kaha,Tune Kaha,spotify:track:1gWtHDe403RuyZqhvSRcv8
335,Hozier,"Wasteland, Baby!",No Plan,spotify:track:4byXh93siQtzKLdjKuJaAF
336,The Weeknd,After Hours,Snowchild,spotify:track:3WlbeuhfRSqU7ylK2Ui5U7
337,Hasan Raheem,Peechay Hutt,Peechay Hutt,spotify:track:6ePcfMCQ7uUKwAamUiVtXL
338,Ritviz,Thandi Hawa,Thandi Hawa,spotify:track:7EPMILezRmD7gHhgx11e7k
339,Vilen,Chidiya,Chidiya,spotify:track:7mNZUnDWUDidWBFaUpVtOC
340,Aminé,Charmander,Charmander,spotify:track:4NP3gHruXgIo4YSJSNDRBz
341,Glass Animals,Dreamland,Waterfalls Coming Out Your Mouth,spotify:track:02qZpv0gLgqnm8KYUVEaFf
342,Ali Zafar,Balaghal-Ula Bi-Kamaalihi,Balaghal-Ula Bi-Kamaalihi,spotify:track:05rGKExmwZcwIvia1YVr8C
343,Ralph Castelli,Morning Sex,Morning Sex,spotify:track:2fGRJzoiYJYAzlQAyBONMb
344,Arijit Singh,"Tujhe Kitna Chahne Lage (From ""Kabir Singh"")","Tujhe Kitna Chahne Lage (From ""Kabir Singh"")",spotify:track:2Fv2injs4qAm8mJBGaxVKU
345,Nusrat Fateh Ali Khan,Man Atkeya Beparwah De Naal,Man Atkeya Beparwah De Naal - Complete Original Version,spotify:track:2D4ymDngFAUwAuhlr5fA3Y
346,Prateek Kuhad,Mismatched: Season 1 (Music from the Netflix Original Series),Kahaan Ho Tum,spotify:track:4sO9tnvCH3DJZ3AAXoixjd
347,Rêve,CTRL + ALT + DEL,CTRL + ALT + DEL,spotify:track:7ElC7VjUNl3oJ20Q5OpEh9
348,JAWNY,Honeypie,Honeypie,spotify:track:6JqYhSdTE4WbQrMXxPH5cD
349,X Ambassadors,Don’t Stay,Don't Stay,spotify:track:1JFWbktZpqwU37UX5MzjwR
350,Rex Orange County,AMAZING,AMAZING,spotify:track:6FtIK0IkmG33lKbc1pyAlZ
351,General Public,All The Rage,Tenderness,spotify:track:7cRWPAHuHQ36agbu6Empc8
352,Harry Styles,As It Was,As It Was,spotify:track:4LRPiXqCikLlN15c3yImP7
353,Florence + The Machine,Jenny of Oldstones (Game of Thrones),Jenny of Oldstones (Game of Thrones),spotify:track:1u0THw5xaGd7sYzJEh48Lt
354,Glass Animals,Quarantine Covers,Young And Beautiful,spotify:track:7Lx7cE37O7qL4JYBsBqQVs
355,Nusrat Fateh Ali Khan,Javeda Sufiaana,Main Jagi Piya Ke Sangh - Song in Raga Bilawal,spotify:track:1L2CUBfFR7HdjD62fne0XZ
356,Trinidad Cardona,Dinero,Dinero,spotify:track:3ggtU1ZOKO8ZNiqPNyXGcm
357,Ashe,Ashlyn,Till Forever Falls Apart,spotify:track:4x5YzxjrF9wvIIXJV7TveC
358,Wardruna,Lyfjaberg,Lyfjaberg,spotify:track:5iRCFYfU71YToV9UssimKe
359,Hasan Raheem,Aisay Kaisay,Aisay Kaisay,spotify:track:0mAswKg3RCbmXAV4KYTUxM
360,Childish Gambino,3.15.20,Algorhythm,spotify:track:07FOCFJhMmCVQDyWX1d3gR
361,The Weeknd,Dawn FM,Is There Someone Else?,spotify:track:5rXdRfS0EPQ5zleZ34Rs8k
362,Udbhav,Nanku Sharma,Kaafizyada,spotify:track:7vvmU5ayTrVWiNVxiwHLQI
363,The Weeknd,"My Dear Melancholy,",Wasted Times,spotify:track:7DKS0rX27cCEPsK0R6tFWS
364,Konoba,Smoke & Mirrors,On Our Knees (feat. R.O),spotify:track:2HCgcgN4PA0xr2ZqtsBpPb
365,Ankur Tewari,Side B,Dil Haare,spotify:track:26u6HGjzExhRZD5ifgTBnG
366,Glass Animals,Dreamland,Waterfalls Coming Out Your Mouth,spotify:track:7s0FCUlKnSFjFPzcIJmkwo
367,Fareed Ayaz Abu Muhammad Qawwal,"Mehfil E Samaa, Vol. 2",Mohey Apaney Hi Rung Main,spotify:track:0sJLmvdv7j0PqBQb66cBtE
368,Dominic Fike,"Don't Forget About Me, Demos",3 Nights,spotify:track:1tNJrcVe6gwLEiZCtprs1u
369,Hozier,Hozier,Work Song,spotify:track:4Vc3bzFxXdrABa2DxgyCMT
370,Dream Note,Waqt Ki Baatein - Single,Waqt Ki Baatein,spotify:track:1lIYP8fDGGnp91OMTUnwjV
371,Saweetie,Shang-Chi and The Legend of The Ten Rings: The Album,Swan Song,spotify:track:790TzR1UxBXVMFSGq8p7bv
372,Gang of Youths,Go Farther In Lightness,Achilles Come Down,spotify:track:22TntnVO3lQNDR5nsvxGRs
373,The Rolling Stones,The Rolling Stones In Mono,"Paint It, Black - Mono",spotify:track:1RJeiAIwR9pZBgJA8ndZLL
374,Syed Altaf Shah Kazmi,"Rab De Yaar da Yaar Siddiq, Vol. 2",Aa Meda Dhola,spotify:track:4l08LQca6YOwIgl8qexkfI
375,Michael Bublé,It's Time,Feeling Good,spotify:track:3I09LQbHS3NSU46Ly3tPpR
376,Arizona Zervas,NIGHTRIDER,NIGHTRIDER,spotify:track:72PFP54TZ9Tpj9dYQcb46D
377,Farida Khanum,"Wedding Songs, Vol. 1",Lathe Di Chadar,spotify:track:6vDesBVp6cNax0JtTWKJGv
378,Regard,Ride It,Ride It,spotify:track:2tnVG71enUj33Ic2nFN6kZ
379,Farid Ayaz & Abu Muhammad Qawal,"Spirit of the Sufis, Vol. 2",Chaap Tilak,spotify:track:0Zo0arTZCTmDxsM4EGoYdM
380,Piano Dreamers,Piano Dreamers Play Arctic Monkeys,Why'd You Only Call Me When You're High?,spotify:track:3k5FR1XqNSmwmJf6GpnQet
381,Amber Mark,3:33am,Lose My Cool,spotify:track:3G9zeErd0kMx012kmYUrm7
382,Ty Dolla $ign,Spicy (feat. Post Malone),Spicy (feat. Post Malone),spotify:track:5nWVyZaCwtfAkBnwDuXjBh
383,Hasan Raheem,Nautanki,Dibs,spotify:track:73Muq9vAvQ7CSD0V3kiQpY
384,Hozier,Hozier,From Eden,spotify:track:2XRCxFtPqSsnY94jZCFuYu
385,Delacey,Black Coffee,My Man,spotify:track:0kZLd1DECibaEjAzTyAZDZ
386,half•alive,"Now, Not Yet",still feel.,spotify:track:48XkVAagIoQHCsOlJtXUd5
387,Dimitri Vegas & Like Mike,Say My Name,Say My Name,spotify:track:3GYlQmwfBDo7imFyGPhrl7
388,Nusrat Fateh Ali Khan,Un Ka Andaz-E-Karam,Un Ka Andaz-E-Karam - Complete Original Version,spotify:track:2nw2P0obATD8LaLR53X6l1
389,Hasan Raheem,SHE,Adjust,spotify:track:1ZKZ7ZZJs1TiD7plBqPGrs
390,Cage The Elephant,Melophobia,Come a Little Closer,spotify:track:4sebUbjqbcgDSwG6PbSGI0
391,Nusrat Fateh Ali Khan,Aastan Hai Yeh Kis Shah-E-Zeshan Ka Marhaba Marhaba,Aastan Hai Yeh Kis Shah-E-Zeshan Ka Marhaba Marhaba - Complete Original Version,spotify:track:2Yk8E8IbNlsjNyCNOAmn0P
392,Harry Styles,Harry's House,Daylight,spotify:track:51Zw1cKDgkad0CXv23HCMU
393,Russ,There's Really A Wolf,Do It Myself,spotify:track:5mB1bWU8VueYVxuvcLPn2B
394,Various Artists,Famous Naaten Vol. 1 - Islamic Naats,Qaseeda Burda Shareef - Arabic-Urdu-Farsi-English,spotify:track:3p9H2j5AfKvxHkksXaaL9A
395,SYML,Mr. Sandman,Mr. Sandman,spotify:track:1ibQiWl2i50MGt3SpRuE0D
396,Berhana,Berhana,Janet,spotify:track:3ml3WB66sqG4kXoPBX2POA
397,Prateek Kuhad,Prateek Kuhad on Audiotree Live,cold / mess - Audiotree Live Version,spotify:track:3iewNLhxQyJXdYVYFKj86Y
398,Bear McCreary,The Witcher: Blood Origin (Soundtrack from the Netflix Series),The Echo and the River,spotify:track:44s77gJbPi0QizWRLJDhz8
399,Hozier,Hozier (Expanded Edition),To Be Alone,spotify:track:1XJQ7xI6jzcZybuHemxsPP
400,SAINt JHN,The Best Part of Life,The Best Part of Life (Imanbek Remix),spotify:track:6OboXrS1zbfCmh7uDFCIQ5
401,Emei,Scatterbrain,Scatterbrain,spotify:track:5DKcc3WxMwE7JB1IxCrdrs
402,Stromae,Racine Carrée,Tous les mêmes,spotify:track:1GC1MIaRMW3kfVK9VyD5Ii
403,SZA,SOS,Ghost in the Machine (feat. Phoebe Bridgers),spotify:track:4h5x3XHLVYFJaItKuO2rhy
404,Kali Uchis,Sin Miedo (del Amor y Otros Demonios) ∞,telepatía,spotify:track:6tDDoYIxWvMLTdKpjFkc1B
405,Ritviz,Ved,Sage,spotify:track:43mHckutQvJr49nT0UvRxy
406,Bishop Briggs,The Way I Do,The Way I Do,spotify:track:60DjyiAXyLzZpDjdOWFQEc
407,Blue Ivy,The Lion King: The Gift,BROWN SKIN GIRL,spotify:track:0B3FovCVaGKS5w1FTidEUP
408,Just Kiddin,Indiana,Indiana,spotify:track:79zjU6YFpnCTf2WeHuPaBC
409,Nathan Evans,Wellerman,Wellerman - Sea Shanty,spotify:track:54OBgO0Xwu20Jak9TMXbR7
410,Joyner Lucas,Your Heart,Your Heart,spotify:track:2DTpP3caqX3QdJIEoS83mD
411,Bayaan,4 Saal,Farda,spotify:track:6z9YgNd6u3k7eSLAR7Nsom
412,J. Cole,Born Sinner,She Knows (feat. Amber Coffman & Cults),spotify:track:0Fs9cdPDhptWEDJmiCbkEW
413,Piano Dreamers,British Invasion Piano,Do I Wanna Know?,spotify:track:5Jz9iPoejNGUCbkqfX9xvE
414,Hozier,"Wasteland, Baby!",Almost (Sweet Music),spotify:track:5Apvsk0suoivI1H8CmBglv
415,Wardruna,Skald,Helvegen - skaldic version,spotify:track:1S59i3NadL2tJlq8zOdb4I
416,Taba Chake,Bombay Dreams,No Doma Lo,spotify:track:4fTn0u6zKUIjTCF0OoQ12R
417,Elton John,The Lockdown Sessions,Cold Heart - PNAU Remix,spotify:track:7rglLriMNBPAyuJOMGwi39
418,Florence + The Machine,MTV Presents Unplugged: Florence + The Machine,"Never Let Me Go - MTV Unplugged, 2012",spotify:track:3JIKoXtJ0S032fWivBCa3z
419,PUBLIC,Honey In The Summer,Honey In The Summer,spotify:track:69KERH8EU5P2VwxWlmOVcU
420,Marc Streitenfeld,Robin Hood (Original Motion Picture Soundtrack),Planting the Fields,spotify:track:2d4jI40t4l6Dz63H1e58Vg
421,Baio,The Names,Sister of Pearl,spotify:track:2tfhqmq39kpDf1k7IJWxld
422,Fareed Ayaz Abu Muhammad Qawwal,Munshi Ji Ki Yaad Main,Mere Baney Ki Baat,spotify:track:4axWNzL7v8Y64gXLJ4DdOY
423,EDEN,i think you think too much of me,XO,spotify:track:0ZAiqymvbQUZAh9y6ZT3Rm
424,Prateek Kuhad,Pause,Pause,spotify:track:5h1L6nOR9QYXeeNW14aeus
425,Abdullah Siddiqui,Come Thru,Come Thru,spotify:track:2pwxbPemtKC6kddQVI5dJZ
426,Hozier,Hozier (Expanded Edition),Sedated,spotify:track:3Ub5gDJTOGWr2AlDcScUIr
427,Jasleen Royal,Baar Baar Dekho,Kho Gaye Hum Kahan,spotify:track:6nZiYSBwPQ7fYnVWkkkj4g
428,Sikandar Ka Mandar,Chand Si Banu,Chand Si Banu,spotify:track:5uQkx9RADqv8vdjqi9MOei
429,James Bay,Chaos And The Calm,Let It Go,spotify:track:13HVjjWUZFaWilh2QUJKsP
430,ROLE MODEL,forever&more,forever&more,spotify:track:0UMFm4ndFr3PH5VsVYnCNG
431,Abi Sampa,Man Kunto Maula,Man Kunto Maula,spotify:track:4c3eiTedVQbK3o9wp27Rk6
432,WizTheMc,For a Minute,For a Minute,spotify:track:4W1hy390P7IYBFbdvwzZBw
433,A R I Z O N A,Spotify Singles,Passionfruit - Recorded at Spotify Studios NYC,spotify:track:32s8Fw4H89EkJ5DPKEWnWY
434,Dua Lipa,Future Nostalgia,Love Again,spotify:track:4rPkN1FMzQyFNP9cLUGIIB
435,The Tamaashbeens,Singles,Koi toh miley ga,spotify:track:7LIfhKC5WX3mxJO9vEDi4V
436,WALK THE MOON,What If Nothing,One Foot,spotify:track:0iQ77tSa7ncj7zBPtVx6cU
437,Sickflip,Mismatched: Season 2 (Music from the Netflix Series),Mehmaan,spotify:track:3s5Rz3KFms39ZrFDw2jt4r
438,Drake,Laugh Now Cry Later (feat. Lil Durk),Laugh Now Cry Later (feat. Lil Durk),spotify:track:2SAqBLGA283SUiwJ3xOUVI
439,Nothing But Thieves,Broken Machine (Deluxe),Sorry - Acoustic,spotify:track:0Akytll1e5KvwNKvhqIZFn
440,Abida Parveen,The Best Of Abida Parveen,Tere Ishq Nachya,spotify:track:1mQfG7DNOygBOmq2CDBJrT
441,Post Malone,Twelve Carat Toothache,I Like You (A Happier Song) (with Doja Cat),spotify:track:0O6u0VJ46W86TxN9wgyqDj
442,Future,High Off Life,Solitaires (feat. Travis Scott),spotify:track:4kfeRwpq5KUaqTkgi4TbDF
443,Bear McCreary,God of War Ragnarök (Original Soundtrack),Raeb's Lament,spotify:track:404eOIgbr1qdzcJ7BE1Xtz
444,Jonas Brothers,A Little Bit Longer,Burnin' Up,spotify:track:2VEsmoek0sol9MnJFyoG9e
445,Hozier,Hozier (Expanded Edition),In the Woods Somewhere,spotify:track:5Pkn31exSVgFbfDAH961QC
446,Nusrat Fateh Ali Khan,Nusrat - Songs for Your Playlist,Mohe Apne Hi Rang Mein,spotify:track:4XPtiSvN7JzwXqB19IEKT6
447,Ramil Ganjoo,Phir Kabhi,Phir Kabhi,spotify:track:0kVtdIQMLZscOLsB37bb1s
448,Local Natives,Violet Street,When Am I Gonna Lose You,spotify:track:5wCVLW9qMtIY9IkBeyYnh6
449,ZAYN,Nobody Is Listening,Tightrope,spotify:track:44ngiCPfS8FfdJOqN0eULl
450,Dua Lipa,Break My Heart,Break My Heart,spotify:track:1raaNykBg1bDnWENUiglUA
451,DVBBS,GOMF,GOMF,spotify:track:7CTzuqi7g4vW8BXcEacvdB
452,Glass Animals,Dreamland,I Don't Wanna Talk (I Just Wanna Dance),spotify:track:2xXPVOKw75Ouju8Qu4SdIA
453,Run The Jewels,ooh la la (feat. Greg Nice & DJ Premier),ooh la la (feat. Greg Nice & DJ Premier),spotify:track:4duqfee47U0bYpEGkIBp47
454,SZA,The Other Side (from Trolls World Tour),The Other Side (from Trolls World Tour),spotify:track:463PQggkmk5tTw8ug0ahOX
455,Javed Ali,Delhi-6,Arziyan,spotify:track:3V80Iv04B9XAqGHbXdtRT1
456,Kauai45,Just The Two of Us,Just The Two of Us,spotify:track:5cwCW4r6ybpSiHWMpMKHoJ
457,blackbear,dirty laundry,dirty laundry - slowed,spotify:track:0N2rGjQLuT0GqVueJxjQS6
458,sophie meiers,come ovr/skype calls,skype calls,spotify:track:4i4YoTjnTs1Z0VRAX9GSIU
459,Lord Huron,Strange Trails,The Night We Met,spotify:track:0QZ5yyl6B6utIWkxeBDxQN
460,Drake,Care Package,Trust Issues,spotify:track:4Wjhj0WjkyECccfHVIgaTq
461,Advait,Dil Ko Kaise Samjhau?,Dil Ko Kaise Samjhau?,spotify:track:6fI7f0S356KkqkToKl8Hgz
462,Nusrat Fateh Ali Khan,Kanday Utte Mehrma Ve,Kiven Mukhre Ton Nazran Hatawan,spotify:track:1pMK7GI3AqrHZISTBMqsIs
463,Junaid Jamshed,Us Rah Par,Na Tu Aaegi,spotify:track:4wfeVAnxp89GJLw6gsPflm
464,Paramore,Riot!,Misery Business,spotify:track:6SpLc7EXZIPpy0sVko0aoU
465,OAFF,Gehraiyaan,Doobey,spotify:track:7k6QR9YHyW258yVN6FHO1T
466,Logic,Confessions of a Dangerous Mind,Keanu Reeves,spotify:track:3PYx9Wte3jwb48V0wArMOy
467,Sahara Beck,You Could Be Happy,Mary Jane,spotify:track:2wEMIeDWXxgxaQq12AupPi
468,Nusrat Fateh Ali Khan,Anthology - Nusrat Fateh Ali Khan,Main Jaagi Piya Ke Sangh,spotify:track:4RTDfd6fQuC9A9nRWsQBK4
469,Richard Armitage,The Hobbit: An Unexpected Journey (Original Motion Picture Soundtrack),Misty Mountains,spotify:track:3AAwJ043uT1wXSKDtGyuxF
470,Kyle Meehan,Te Amo,Te Amo,spotify:track:1MUhWo9TIkw9tPaC7N6sMg
471,Hozier,Hozier,Jackie And Wilson,spotify:track:5xo1Gj4WTssjQgQ0w03cf2
472,Glass Animals,Dreamland,Your Love (Deja Vu) - Stripped Back,spotify:track:1mix5b0jEgBjaXqK7Zt6Yd
473,Wallows,Are You Bored Yet? (feat. Clairo),Are You Bored Yet? (feat. Clairo) - Mura Masa Remix,spotify:track:4jgAfg7f9Wf6p4sIWYeOi3
474,2Scratch,NO LOVE,NO LOVE,spotify:track:554CXLtX0FfbYpU246qrr2
475,Surfaces,Where the Light Is,Sunday Best,spotify:track:1Cv1YLb4q0RzL6pybtaMLo
476,Rozeo,BIG LIKE LARGE,BIG LIKE LARGE,spotify:track:2TAmMjiDCLpG0cA8PLHGR0
477,Hozier,"Wasteland, Baby!",Movement,spotify:track:1djzKW3eYLyzjjHXazEWWh
478,Aminé,ONEPOINTFIVE,SHINE,spotify:track:1OWGLpptXlHLw1yibeHiHa
479,Shawn Mendes,It'll Be Okay,It'll Be Okay,spotify:track:2KnLkZ3z7PO3kgVGHGqDpD
480,Panic! At The Disco,Death of a Bachelor,Crazy = Genius,spotify:track:6V68ItawQkQlZhYIf1S86C
481,The Neighbourhood,To Imagine - EP,Scary Love,spotify:track:3D9YM8O9i1JQjE3uJHVeVA
482,Josh Golden,heaven come,heaven come,spotify:track:2lTpnVnrqmYfAlgUNRfDSR
483,Golden Ring Ensemble,Russian Folk Songs and Dances,Kalinka,spotify:track:6NjLhk2XZZlTgniXaySTji
484,Dayglow,Harmony House,Close To You,spotify:track:0brBOx8ejPXvBYnQkWquYK
485,Olivia Rodrigo,drivers license,drivers license,spotify:track:7lPN2DXiMsVn7XUKtOW1CS
486,NAV,Good Intentions,Good Intentions (Intro),spotify:track:3p6aRY0ePa28UM85z9X8iS
487,Amit Trivedi,Qala,Phero Na Najariya,spotify:track:6bngLYnL3AbtpXd7uPAMMd
488,Imagine Dragons,Live At AllSaints Studios,Believer - Live/Acoustic,spotify:track:3Eog0V6GCpABelD89PbUeB
489,Styx,Pieces Of Eight,Renegade,spotify:track:1CQqupcyMg7176PPmIVmSj
490,Kayan,On My Own,On My Own,spotify:track:12jHntVUvHSFiXiLW1eaVy
491,Future,EVOL,Low Life (feat. The Weeknd),spotify:track:7EiZI6JVHllARrX9PUvAdX
492,Praagya,Zara Zara,Zara Zara,spotify:track:6J1uhgLP3IW0FEsxBzDSw0
493,Glass Animals,Dreamland,Tangerine,spotify:track:40rOlDoGejXXF4B0BYsjx8
494,BROCKHAMPTON,GINGER,SUGAR,spotify:track:6U0FIYXCQ3TGrk4tFpLrEA
495,Joel Sunny,Sweater Weather,Sweater Weather,spotify:track:3oYW30oQJXrjDsvxtdPuoT
496,Glass Animals,Tokyo Drifting,Tokyo Drifting - Oliver Malcolm Remix,spotify:track:2eOW4hT8wfZmyi11DGItc8
497,Yuno,No Going Back,No Going Back,spotify:track:7rig9YRhho4jJ2LBMGekfj
498,Matt Maeson,The Hearse,Put It on Me,spotify:track:7tySfDFfBiCjraLdoy6In5
499,The 1975,If You’re Too Shy (Let Me Know),If You’re Too Shy (Let Me Know),spotify:track:1n4vgMWmmNlXrvyxQFhUEl
500,LUNA AURA,HONEY,HONEY,spotify:track:7AVf3MdvwHM5CdOdquzu9c
501,Weezer,Weezer (White Album),Thank God for Girls,spotify:track:5uywMR3hTeVPoWaFDSliJb
502,Hasan Raheem,SHE,Pukaar,spotify:track:0R6PVr0THSFcyEqlNTJ9Bp
503,Travie McCoy,Golden (feat. Sia),Golden (feat. Sia),spotify:track:0HZWWaKieQ9ZETkTEUVTH2
504,Russ,CIVIL WAR,CIVIL WAR - Bonus,spotify:track:5tmu5pAFHkUSl8Fo8ncyA4
505,Drake,Signs,Signs,spotify:track:6Na5uKk5SsqZimk0hAWo8y
506,Cashmere Cat,9,Trust Nobody (feat. Selena Gomez & Tory Lanez),spotify:track:5qYp1Wf3gh0lGWdIS5lIrX
507,MEDUZA,Tell It To My Heart,Tell It To My Heart,spotify:track:46nvQpUDsxpS08UTFOeKTA
508,Rozeo,Bum Twirl,Bum Twirl,spotify:track:1B559YkhUtsMNWXlFsDuFJ
509,Journey,Separate Ways (Worlds Apart),Separate Ways (Worlds Apart) - Bryce Miller/Alloy Tracks Remix,spotify:track:0muK9BAzu2TJXQgWPsEj6e
510,Arctic Monkeys,Leave Before The Lights Come On,Baby I'm Yours,spotify:track:0SzvmWfOhoxZVGrmvb56YL
511,Calvin Harris,Funk Wav Bounces Vol.1,Rollin (feat. Future & Khalid),spotify:track:0lMbuWUpfTWhEmOKxppEau
512,Post Malone,Hollywood's Bleeding,Hollywood's Bleeding,spotify:track:01iuzK2ziYAVE2n9aSXbWp
513,Sahara Beck,You Could Be Happy,C'mon Man You're Dead,spotify:track:1uVUUdElxrXmFDqasrAUNo
514,Hanumankind,Genghis,Genghis,spotify:track:4byM7YIkw5KQryitRGPEYN
515,Kina Grannis,Somebody Loved,Somebody Loved,spotify:track:1wflx5YklLYToaIbXkrZSq
516,DVBBS,Tinted Eyes (feat. blackbear & 24kGoldn),Tinted Eyes (feat. blackbear & 24kGoldn),spotify:track:68UW3plyDDNg1dkNIZRezJ
517,SYML,Where's My Love,Where's My Love - Piano Solo,spotify:track:59lUvVUixyLmC3u9kSIU1Y
518,Circa Waves,What's It Like Over There?,Times Won't Change Me,spotify:track:7ep7SI6MdEo81to9GLouIw
519,Talal Qureshi,PAISA,PAISA,spotify:track:5vwe8vW5fEJgymhjfol1cu
520,Coldplay,Music Of The Spheres,Higher Power,spotify:track:65OR4ywy8Cgs3FDHK82Idl
521,Piano Dreamers,Piano Love,Sweater Weather,spotify:track:64p1WbwrWkozsuzfjhJROy
522,DJ Khaled,POPSTAR (feat. Drake),POPSTAR (feat. Drake),spotify:track:6EDO9iiTtwNv6waLwa1UUq
523,Sikandar Ka Mandar,Sikandar Ka Mandar,Jo Bhi,spotify:track:13835EhqCY46GhEIbPFfyD
524,Rozeo,Barkat,Barkat,spotify:track:2gUKyAKu4fvEcKboCruSEK
525,Amit Trivedi,Ghodey Pe Sawaar,"Ghodey Pe Sawaar (From ""Qala"")",spotify:track:1a8w8nlIyIhE2W1HIayKnl
526,Kurt Hugo Schneider,Kurt & Company Vol 2,Sweater Weather,spotify:track:0kn9QwZW8Ow9eTuZgxVEz8
527,Bright Eyes,Persona Non Grata,Persona Non Grata,spotify:track:0itutKZrGEzQtFWJp4xoUK
528,Faris Shafi,Molotov,Molotov,spotify:track:0U6cC3jgiLjbBo4vomr3HI
529,Tesher,Jalebi Baby,Jalebi Baby,spotify:track:36jCLvkQD1ro4spuJtF84m
530,Drake,More Life,Passionfruit,spotify:track:5mCPDVBb16L4XQwDdbRUpz
531,Journey,Frontiers,Separate Ways (Worlds Apart),spotify:track:4ECNtOnqzxutZkXP4TE3n3
532,Jax Jones,Snacks,All Day And Night - Jax Jones & Martin Solveig Present Europa,spotify:track:11VJlLCmJTH67Jv0TBVzxH
533,Arizona Zervas,ROXANNE,ROXANNE,spotify:track:696DnlkuDOXcMAnKlTgXXK
534,Riz Ahmed,The Long Goodbye,Deal With It,spotify:track:3l9KybL4tK1jAP7u3UkWwe
535,Nusrat Fateh Ali Khan,Tere Bin Nahin Lagda Dil Mera - Best Hits,Tere Bin Nahin Lagda,spotify:track:64QRJvOEsryufhCkeZGAPf
536,Ed Sheeran,I Don't Want Your Money (feat. H.E.R.),I Don't Want Your Money (feat. H.E.R.),spotify:track:69xcWjYE6YYA638ThAHA6M
537,Bishop Briggs,Bishop Briggs,Dead Man's Arms,spotify:track:318CwhlHyuxroBtuoeh3oR
538,Iggy Pop,Red Right Hand,Red Right Hand,spotify:track:5WBhTqcyiSEOoBCBcj9e22
539,Bazzi,Young & Alive,Young & Alive,spotify:track:5RsKelNxucrDxgMbZ3vd3W
540,Deb Never,Sorry,Sorry,spotify:track:7ufvTDIjfqAhYZLXUX0lrF
541,Lana Del Rey,Norman Fucking Rockwell!,Fuck it I love you,spotify:track:7MtVPRGtZl6rPjMfLoI3Lh
542,Arctic Monkeys,Live at the Royal Albert Hall,Do I Wanna Know? - Live,spotify:track:5zDoSmh06F7kjXGIHFhQzh
543,omer inayat,Waali,Tenu Le Ke,spotify:track:3IHLJDSDpu2JeyQqIWsCig
544,Otnicka,Babel,Babel,spotify:track:0ZnwzjB40zdTZrEwPvaRqG
545,Shamoon Ismail,Cookie,Khayal,spotify:track:2AHlAZJS2tTnhDqqlIm6O3
546,Sia,The Hamilton Mixtape,Satisfied (feat. Miguel & Queen Latifah),spotify:track:3VyxvhpCUNVTvPO2B46lsa
547,Khalid,Know Your Worth,Know Your Worth,spotify:track:0TrPqhAMoaKUFLR7iYDokf
548,Nusrat Fateh Ali Khan,30 Greatest Hits Nusrat Fateh Ali Khan and Sabri Brothers,Dum Mast Qalander Mast,spotify:track:6kNPTNEwxwCCqkP4JbkWLK
549,gianni & kyle,do u even miss me at all?,do u even miss me at all?,spotify:track:1AHf5FSofKcUw8tyKkccKF
550,Yashraj,Dhundhala,Dhundhala,spotify:track:6PSGzXHJaQogb2G8m8gGZZ
551,Ankur Tewari,Dil Beparvah,"Dil Beparvah - The Dewarists, Season 5",spotify:track:4kXkT9HF9ZfDjuv3LIKcwJ
552,Tajdar Junaid,What Colour Is Your Raindrop,Ekta Golpo (feat. Satyaki Banerjee & Anusheh Anadil),spotify:track:1tmmhr7UpyHDNq4e4tVJGb
553,Manna Dey,Shree 420,Pyar Hua Iqrar Hua,spotify:track:3B3MQlP4NPAxE2HEE2sEsS
554,Ritt Momney,Put Your Records On,Put Your Records On,spotify:track:6AGOKlMZWLCaEJGnaROtF9
555,Call,Dhoom,Dharkay Jiya,spotify:track:3csQ8JVWNQ3qrt1OswiPgt
556,Jax Jones,Tequila,Tequila - Jax Jones & Martin Solveig Present Europa,spotify:track:39WnpwsWrLXpxafV5FwYVh
557,Faris Shafi,Introduction,Introduction,spotify:track:62NkzAFZKNOe6arO1lSFm0
558,Glass Animals,Heat Waves,Heat Waves - Slowed,spotify:track:1K2RnVhm3eauKnA8PAcPu1
559,Ashley Park,Emily in Paris (Soundtrack from the Netflix Series),"Mon Soleil - from ""Emily in Paris"" Soundtrack",spotify:track:1RvUIoskMQiGJKKnJJ96WB
560,Anuv Jain,Baarishein,Baarishein,spotify:track:5iCY0TXNImK4hyKfcplQsg
561,Glass Animals,Dreamland,Waterfalls Coming Out Your Mouth,spotify:track:6rg8jKMFjOcjSVDSCH9SHK
562,Ritviz,Udd Gaye,Udd Gaye - Bacardi House Party Sessions,spotify:track:6wZJsut8fjiWiMPaccRAOX
563,Regard,Secrets,Secrets - MOTi Remix,spotify:track:2vX1vE1jwuqq29xonWIzvE
564,Hozier,"Wasteland, Baby!",Shrike,spotify:track:083PU4XnYAOMAGVruma3vb
565,Foster The People,Sacred Hearts Club,Sit Next to Me,spotify:track:4BdGO1CaObRD4La9l5Zanz
566,Ritviz,Mimmi,Aaj Na,spotify:track:322TxW77VZdX9gHynK5Xue
567,Gloria Gaynor,New In Town,I WILL SURVIVE,spotify:track:0x4GSz5C4XZDkNhFswGboC
568,renforshort,"fuck, i luv my friends","fuck, i luv my friends",spotify:track:4hk4plGoAmg3naYTq8EUul
569,Imanbek,Goodbye,Goodbye,spotify:track:4crczEC1PpoD8TsDsmoWNI
570,Meek Mill,Dreams Worth More Than Money,R.I.C.O. (feat. Drake),spotify:track:0Y0TOsE1q11qgbi7c5WZsG
571,Rupert Holmes,Partners In Crime,Escape (The Pina Colada Song),spotify:track:5IMtdHjJ1OtkxbGe4zfUxQ
572,Hozier,Hozier (Expanded Edition),Angel of Small Death and the Codeine Scene,spotify:track:6JmSfynzr6E0QllQZNEXEb
573,Natasha Humera Ejaz,Abhi Abhi,Abhi Abhi,spotify:track:1ecjmjCHS8p1tMJHX10X5B
574,Dayglow,Fuzzybrain,Can I Call You Tonight?,spotify:track:61OJxhoY3Ix50rYVKo8zRK
575,Riz Ahmed,Once Kings,Once Kings,spotify:track:7xtVisRXsVnGjNkX4PiEcW
576,Chelsea Cutler,Your Shirt,Your Shirt,spotify:track:5vtyFzfLkCSJvXEZFjQAa1
577,NF,Therapy Session,Grindin',spotify:track:3m6HMeFX6GIlGPMBcLEN6t
578,Louis Armstrong,"Stranger Things: Soundtrack from the Netflix Series, Season 4",Dream a Little Dream of Me,spotify:track:1LqHJtbJ7TLxer59vF25Hc
