podcast_id,episode,podcast,key
1,The Demystification of Dragon Lady with Margaret Cho & Lisa Ling,Archetypes,ArchetypesThe Demystification of Dragon Lady with Margaret Cho & Lisa Ling
2,46A-Jason and the Argonauts: Some Assembly Required,Myths and Legends,Myths and Legends46A-Jason and the Argonauts: Some Assembly Required
3,Don't Forget My Love - slowed + reverb,Diplo,DiploDon't Forget My Love - slowed + reverb
4,"Pokémon Theme (from ""Pokémon Red & Blue"") - Lo-Fi Edit",Besso0,"Besso0Pokémon Theme (from ""Pokémon Red & Blue"") - Lo-Fi Edit"
5,84-Famous Fairy Tales: Rule of Three,Myths and Legends,Myths and Legends84-Famous Fairy Tales: Rule of Three
6,Abortion pills,"Today, Explained","Today, ExplainedAbortion pills"
7,10B-Hercules: Labor Intensive,Myths and Legends,Myths and Legends10B-Hercules: Labor Intensive
8,60A-Beowulf: I'm Kind of a Big Deal,Myths and Legends,Myths and Legends60A-Beowulf: I'm Kind of a Big Deal
9,160-Halloween Special: Lurking,Myths and Legends,Myths and Legends160-Halloween Special: Lurking
11,I Yield My Time To The Chair,Growing Up Halal,Growing Up HalalI Yield My Time To The Chair
13,181A-Welsh Legends: Otherworld,Myths and Legends,Myths and Legends181A-Welsh Legends: Otherworld
15,"Live From New York | With Michaela Watkins, Amirah Vann and Lauren Molina",Modern Love,"Modern LoveLive From New York | With Michaela Watkins, Amirah Vann and Lauren Molina"
17,"Three Mothers, One Bond | With Gaby Hoffmann",Modern Love,"Modern LoveThree Mothers, One Bond | With Gaby Hoffmann"
19,141B-Robin Hood: The Hunted,Myths and Legends,Myths and Legends141B-Robin Hood: The Hunted
21,130C-Jungle Book: An Old War,Myths and Legends,Myths and Legends130C-Jungle Book: An Old War
24,65-Oedipus: Motherboy,Myths and Legends,Myths and Legends65-Oedipus: Motherboy
25,136-Pecos Bill: To the Moon and Back,Myths and Legends,Myths and Legends136-Pecos Bill: To the Moon and Back
26,54C-Gilgamesh: Dust,Myths and Legends,Myths and Legends54C-Gilgamesh: Dust
27,130A-Jungle Book: Welcome to the Jungle,Myths and Legends,Myths and Legends130A-Jungle Book: Welcome to the Jungle
28,93B-Theseus: Love and War,Myths and Legends,Myths and Legends93B-Theseus: Love and War
29,66-Paul Bunyan: Truth in Advertising,Myths and Legends,Myths and Legends66-Paul Bunyan: Truth in Advertising
30,74-Japanese Folklore: Do You Really Want to Live Forever?,Myths and Legends,Myths and Legends74-Japanese Folklore: Do You Really Want to Live Forever?
33,148B-Monkey King: Leaps and Bounds,Myths and Legends,Myths and Legends148B-Monkey King: Leaps and Bounds
35,25-Dragons: This is Where You Get to Make it Right,Myths and Legends,Myths and Legends25-Dragons: This is Where You Get to Make it Right
36,"3A-Vikings: The Norse and the Furious, Bredi’s Drift",Myths and Legends,"Myths and Legends3A-Vikings: The Norse and the Furious, Bredi’s Drift"
37,Santa Snafu,Not Past It ,Not Past It Santa Snafu
38,Don't Forget My Love,Diplo,DiploDon't Forget My Love
39,48-Snow White: Killer Queen,Myths and Legends,Myths and Legends48-Snow White: Killer Queen
42,Beowulf Pt. 1,Mythology,MythologyBeowulf Pt. 1
43,"11-Japanese Fairy Tales: Key Details (Urashima Taro, The Boy Who Drew Cats)",Myths and Legends,"Myths and Legends11-Japanese Fairy Tales: Key Details (Urashima Taro, The Boy Who Drew Cats)"
44,148A-Monkey King: Good Little Monkey,Myths and Legends,Myths and Legends148A-Monkey King: Good Little Monkey
45,94-Norse Legends: A Very Viking Christmas,Myths and Legends,Myths and Legends94-Norse Legends: A Very Viking Christmas
46,Introducing 'Modern Love: The Podcast',Modern Love,Modern LoveIntroducing 'Modern Love: The Podcast'
47,Mom/Not Mom/Aunt | With Jesse Tyler Ferguson,Modern Love,Modern LoveMom/Not Mom/Aunt | With Jesse Tyler Ferguson
49,120B-Holy Grail: Beyond the Sea,Myths and Legends,Myths and Legends120B-Holy Grail: Beyond the Sea
50,72-Kelpie: Party Horse,Myths and Legends,Myths and Legends72-Kelpie: Party Horse
51,A Heart Outrun | With Colin Farrell,Modern Love,Modern LoveA Heart Outrun | With Colin Farrell
52,81-Trolls: Breakups,Myths and Legends,Myths and Legends81-Trolls: Breakups
53,104-Egyptian Mythology: The First Avenger,Myths and Legends,Myths and Legends104-Egyptian Mythology: The First Avenger
54,"Monday, June 6th, 2022",Libra Today,"Libra TodayMonday, June 6th, 2022"
55,155-Fairy Tales: The Pearl,Myths and Legends,Myths and Legends155-Fairy Tales: The Pearl
56,3: 5 Ways to Practice Self-Compassion,An Audio Guide to Happiness,An Audio Guide to Happiness3: 5 Ways to Practice Self-Compassion
57,134-Grimm: Thirsty,Myths and Legends,Myths and Legends134-Grimm: Thirsty
60,22C-Irish Legends: The Spoils of War,Myths and Legends,Myths and Legends22C-Irish Legends: The Spoils of War
61,21-Frozen/The Snow Queen: Fearful Symmetry,Myths and Legends,Myths and Legends21-Frozen/The Snow Queen: Fearful Symmetry
63,19-Native American Folklore: Skeletons,Myths and Legends,Myths and Legends19-Native American Folklore: Skeletons
64,Fighting Words | With Alysia Reiner,Modern Love,Modern LoveFighting Words | With Alysia Reiner
65,154A-Viking Legends: Family Business,Myths and Legends,Myths and Legends154A-Viking Legends: Family Business
66,163-Hansel and Gretel: Crumble,Myths and Legends,Myths and Legends163-Hansel and Gretel: Crumble
67,ARCHETYPES. Don't believe the type. ,Archetypes,ArchetypesARCHETYPES. Don't believe the type. 
68,181B-Mabinogion: With Friends Like These,Myths and Legends,Myths and Legends181B-Mabinogion: With Friends Like These
69,Listener Mail: Cyclopean Stairs,Stuff To Blow Your Mind,Stuff To Blow Your MindListener Mail: Cyclopean Stairs
70,24-Thor: Whosoever Holds this Hammer,Myths and Legends,Myths and Legends24-Thor: Whosoever Holds this Hammer
71,139B-Irish Legends: Evitable,Myths and Legends,Myths and Legends139B-Irish Legends: Evitable
72,80B-Perseus: I'm Set Free,Myths and Legends,Myths and Legends80B-Perseus: I'm Set Free
75,98-Native American History: Runner in the Night,Myths and Legends,Myths and Legends98-Native American History: Runner in the Night
76,Yokai Legends Season 1 Episode 1: Sea Monsters,Yokai Legends,Yokai LegendsYokai Legends Season 1 Episode 1: Sea Monsters
78,143-Japanese Folktales: Crabby,Myths and Legends,Myths and Legends143-Japanese Folktales: Crabby
79,115-Chinese Folklore: Another Brick in the Wall,Myths and Legends,Myths and Legends115-Chinese Folklore: Another Brick in the Wall
80,50-Dracula: Bad Blood,Myths and Legends,Myths and Legends50-Dracula: Bad Blood
81,149-Japanese Fairy Tales: Son of a Peach,Myths and Legends,Myths and Legends149-Japanese Fairy Tales: Son of a Peach
82,99-William Tell: One Shot,Myths and Legends,Myths and Legends99-William Tell: One Shot
83,Introducing McKinsey Recruiting,McKinsey Recruiting,McKinsey RecruitingIntroducing McKinsey Recruiting
84,76-Greek Myths: Lioness,Myths and Legends,Myths and Legends76-Greek Myths: Lioness
86,Yokai Legends Season 1 Episode 2: Clash of the Titans,Yokai Legends,Yokai LegendsYokai Legends Season 1 Episode 2: Clash of the Titans
87,180-Azorean Folklore: Power,Myths and Legends,Myths and Legends180-Azorean Folklore: Power
88,12-Pig-faced Women: Citation Needed,Myths and Legends,Myths and Legends12-Pig-faced Women: Citation Needed
89,96-Russian Folklore: Cold as Ice,Myths and Legends,Myths and Legends96-Russian Folklore: Cold as Ice
90,57-Japanese Fairy Tales: Faithful,Myths and Legends,Myths and Legends57-Japanese Fairy Tales: Faithful
91,13B-Ragnar Lodbrok: Why’d it have to be Snakes?,Myths and Legends,Myths and Legends13B-Ragnar Lodbrok: Why’d it have to be Snakes?
92,159-Rip Van Winkle: Bad Dad,Myths and Legends,Myths and Legends159-Rip Van Winkle: Bad Dad
93,17A-Theseus: It’s Dangerous to go Alone!,Myths and Legends,Myths and Legends17A-Theseus: It’s Dangerous to go Alone!
96,4-Mulan: A Likely Hero,Myths and Legends,Myths and Legends4-Mulan: A Likely Hero
99,"9-Dogs and Wolves: Generations (Fenrir, The Black Dog, Dog King of Denmark, Gelert)",Myths and Legends,"Myths and Legends9-Dogs and Wolves: Generations (Fenrir, The Black Dog, Dog King of Denmark, Gelert)"
100,164A-Chinese Legends: Here I Go Again,Myths and Legends,Myths and Legends164A-Chinese Legends: Here I Go Again
101,"Thursday, March 24th, 2022",Libra Today,"Libra TodayThursday, March 24th, 2022"
103,Welcome!,An Audio Guide to Happiness,An Audio Guide to HappinessWelcome!
104,One Last Swirl | With Jason Alexander,Modern Love,Modern LoveOne Last Swirl | With Jason Alexander
106,FREE YSL,"Today, Explained","Today, ExplainedFREE YSL"
109,162-47 Ronin: Wanderers,Myths and Legends,Myths and Legends162-47 Ronin: Wanderers
110,nina's story,quotes from movies/tv shows,quotes from movies/tv showsnina's story
112,3E-Vikings: The Debt is Paid,Myths and Legends,Myths and Legends3E-Vikings: The Debt is Paid
114,Magically Interrupted | With Michael Shannon,Modern Love,Modern LoveMagically Interrupted | With Michael Shannon
115,54A-Gilgamesh: Did We Just Become Best Friends?,Myths and Legends,Myths and Legends54A-Gilgamesh: Did We Just Become Best Friends?
119,131A-Greek Mythology: Sudden but Inevitable Betrayal,Myths and Legends,Myths and Legends131A-Greek Mythology: Sudden but Inevitable Betrayal
121,01. Kind of a Night Person,Batman Unburied,Batman Unburied01. Kind of a Night Person
122,I See My Superhero | With Sarah Silverman,Modern Love,Modern LoveI See My Superhero | With Sarah Silverman
124,161-Japanese folklore: Karma,Myths and Legends,Myths and Legends161-Japanese folklore: Karma
125,My First Lesson In Motherhood | With Connie Britton,Modern Love,Modern LoveMy First Lesson In Motherhood | With Connie Britton
126,107A-Golem: Guardian,Myths and Legends,Myths and Legends107A-Golem: Guardian
128,100A-Knights of the Round Table: Buddy System,Myths and Legends,Myths and Legends100A-Knights of the Round Table: Buddy System
130,77-Romanian Folklore: Mrs. Piggy,Myths and Legends,Myths and Legends77-Romanian Folklore: Mrs. Piggy
133,157-Jack the Giant Killer: Giant Problems,Myths and Legends,Myths and Legends157-Jack the Giant Killer: Giant Problems
139,117-Romanian Folklore: What did it Cost?,Myths and Legends,Myths and Legends117-Romanian Folklore: What did it Cost?
140,107B-Golem: To Dust You Shall Return,Myths and Legends,Myths and Legends107B-Golem: To Dust You Shall Return
142,173-Tunisian Folklore: Fortune,Myths and Legends,Myths and Legends173-Tunisian Folklore: Fortune
143,51-Loki: Them Apples,Myths and Legends,Myths and Legends51-Loki: Them Apples
144,This Is Why It's So Hard | Practice True Joy,The Daily Stoic,The Daily StoicThis Is Why It's So Hard | Practice True Joy
145,16-Russian Fairy Tales: She-Who-Must-Not-Be-Named,Myths and Legends,Myths and Legends16-Russian Fairy Tales: She-Who-Must-Not-Be-Named
146,141C-Robin Hood: On Brand,Myths and Legends,Myths and Legends141C-Robin Hood: On Brand
147,Bonus-The Time Machine: Inspector Spacetime,Myths and Legends,Myths and LegendsBonus-The Time Machine: Inspector Spacetime
148,172-Norwegian Folklore: Adventure!,Myths and Legends,Myths and Legends172-Norwegian Folklore: Adventure!
149,30-Latin American Folklore: Unbreakable,Myths and Legends,Myths and Legends30-Latin American Folklore: Unbreakable
150,141A-Robin Hood: Merry,Myths and Legends,Myths and Legends141A-Robin Hood: Merry
153,166-Grimm Brothers: The Dark Forest,Myths and Legends,Myths and Legends166-Grimm Brothers: The Dark Forest
154,Our annual Halloween hysteria,"Today, Explained","Today, ExplainedOur annual Halloween hysteria"
155,142A-Rome: Glory,Myths and Legends,Myths and Legends142A-Rome: Glory
157,43-Slavic Folklore: The Wasteland,Myths and Legends,Myths and Legends43-Slavic Folklore: The Wasteland
159,71A-Sinbad the Sailor: Venture,Myths and Legends,Myths and Legends71A-Sinbad the Sailor: Venture
161,109-Athens: Home,Myths and Legends,Myths and Legends109-Athens: Home
163,56-Nepali Folklore: Hope You Guess My Name,Myths and Legends,Myths and Legends56-Nepali Folklore: Hope You Guess My Name
164,22A-Irish Legends (The Tain): Red Ledger,Myths and Legends,Myths and Legends22A-Irish Legends (The Tain): Red Ledger
167,3B-Vikings: All that Hate’s Gonna Burn You Up,Myths and Legends,Myths and Legends3B-Vikings: All that Hate’s Gonna Burn You Up
168,70-Ugly Duckling: Fowl Play,Myths and Legends,Myths and Legends70-Ugly Duckling: Fowl Play
169,A new law to “save the animals”,"Today, Explained","Today, ExplainedA new law to “save the animals”"
171,101-Fairy Tales: Three Dog Night,Myths and Legends,Myths and Legends101-Fairy Tales: Three Dog Night
172,168-Robin Hood: Team of Rivals,Myths and Legends,Myths and Legends168-Robin Hood: Team of Rivals
173,71C-Sinbad: There and Back and There and Back Again,Myths and Legends,Myths and Legends71C-Sinbad: There and Back and There and Back Again
175,153-Odysseus: The Angry One,Myths and Legends,Myths and Legends153-Odysseus: The Angry One
176,139A-Irish Legends: The Hound,Myths and Legends,Myths and Legends139A-Irish Legends: The Hound
178,Not So Simple Math | With Sarah Paulson,Modern Love,Modern LoveNot So Simple Math | With Sarah Paulson
181,26-Japanese Fairy Tales: Wisdom,Myths and Legends,Myths and Legends26-Japanese Fairy Tales: Wisdom
183,147A-Oedipus: Team Spear It,Myths and Legends,Myths and Legends147A-Oedipus: Team Spear It
184,121-Grimm Brothers: King of the Mountain,Myths and Legends,Myths and Legends121-Grimm Brothers: King of the Mountain
185,85A-Slavic Folklore: For the Right Reasons,Myths and Legends,Myths and Legends85A-Slavic Folklore: For the Right Reasons
186,114A-Indian Stories: Calamity,Myths and Legends,Myths and Legends114A-Indian Stories: Calamity
189,150B-European Epics: Where the Shadows Lie,Myths and Legends,Myths and Legends150B-European Epics: Where the Shadows Lie
190,18-St. Nick: Rusty Chains and Candy Canes,Myths and Legends,Myths and Legends18-St. Nick: Rusty Chains and Candy Canes
191,116B-Mexican Legends: Outlaw Country,Myths and Legends,Myths and Legends116B-Mexican Legends: Outlaw Country
193,22B-Irish Legends: You Wouldn’t Like Me When I’m Angry,Myths and Legends,Myths and Legends22B-Irish Legends: You Wouldn’t Like Me When I’m Angry
195,decide for yourself,quotes from movies/tv shows,quotes from movies/tv showsdecide for yourself
196,Undercover at the Debutante Ball,Not Past It ,Not Past It Undercover at the Debutante Ball
197,A Millennial's Guide To Kissing | With Emmy Rossum,Modern Love,Modern LoveA Millennial's Guide To Kissing | With Emmy Rossum
198,38B-Korean Literature: Master of Two Worlds,Myths and Legends,Myths and Legends38B-Korean Literature: Master of Two Worlds
203,131B-Greek Mythology: All in the Family,Myths and Legends,Myths and Legends131B-Greek Mythology: All in the Family
204,31A-Viking Sagas: Odd Man Out,Myths and Legends,Myths and Legends31A-Viking Sagas: Odd Man Out
205,"Thursday, March 17th, 2022",Libra Today,"Libra TodayThursday, March 17th, 2022"
207,158-Agamemnon: Fate Proceeds,Myths and Legends,Myths and Legends158-Agamemnon: Fate Proceeds
209,Supplemental: Lady White Snake Conclusion,Myths and Legends,Myths and LegendsSupplemental: Lady White Snake Conclusion
210,154B-Viking Legends: The Army of the Dead,Myths and Legends,Myths and Legends154B-Viking Legends: The Army of the Dead
211,60C-Beowulf: Unknowable but Certain,Myths and Legends,Myths and Legends60C-Beowulf: Unknowable but Certain
216,147B-Antigone: Authority,Myths and Legends,Myths and Legends147B-Antigone: Authority
219,46C-Jason and the Argonauts: The Long Way Home,Myths and Legends,Myths and Legends46C-Jason and the Argonauts: The Long Way Home
226,McKinsey Business Analyst Role and Recruiting,McKinsey Recruiting,McKinsey RecruitingMcKinsey Business Analyst Role and Recruiting
227,118-Jewish Folklore: The Eyrie,Myths and Legends,Myths and Legends118-Jewish Folklore: The Eyrie
228,178-Tanuki: Changes,Myths and Legends,Myths and Legends178-Tanuki: Changes
229,1A-Knights of the Round Table: Yvainglory,Myths and Legends,Myths and Legends1A-Knights of the Round Table: Yvainglory
236,40-West African Folklore: Cold-blooded,Myths and Legends,Myths and Legends40-West African Folklore: Cold-blooded
237,14-Doppelgangers: Do not Go Gentle into that Good Night,Myths and Legends,Myths and Legends14-Doppelgangers: Do not Go Gentle into that Good Night
239,61-Solomon: One Ring,Myths and Legends,Myths and Legends61-Solomon: One Ring
241,102-Charlemagne: Honor Among Thieves,Myths and Legends,Myths and Legends102-Charlemagne: Honor Among Thieves
242,112A-Pinocchio: No Strings Attached,Myths and Legends,Myths and Legends112A-Pinocchio: No Strings Attached
246,123-Dark Tower: Directions,Myths and Legends,Myths and Legends123-Dark Tower: Directions
247,Introduction,Growing Up Halal,Growing Up HalalIntroduction
249,Live Without Me | With Catherine Keener,Modern Love,Modern LoveLive Without Me | With Catherine Keener
251,110-Viking Myths: Alone,Myths and Legends,Myths and Legends110-Viking Myths: Alone
257,132B-Trojan War: Some Foolish Thing,Myths and Legends,Myths and Legends132B-Trojan War: Some Foolish Thing
258,67B-Gawain and the Green Knight: Head On,Myths and Legends,Myths and Legends67B-Gawain and the Green Knight: Head On
259,68B-Morgan le Fay: Her Majesty,Myths and Legends,Myths and Legends68B-Morgan le Fay: Her Majesty
260,28-Prometheus: Adamantine,Myths and Legends,Myths and Legends28-Prometheus: Adamantine
261,175-Thor: Surprises,Myths and Legends,Myths and Legends175-Thor: Surprises
264,A win for Lula (and democracy) in Brazil,"Today, Explained","Today, ExplainedA win for Lula (and democracy) in Brazil"
265,69-Midas: You Got the Touch,Myths and Legends,Myths and Legends69-Midas: You Got the Touch
267,42-Chinese Folklore (Cinderella): You Only Live Thrice,Myths and Legends,Myths and Legends42-Chinese Folklore (Cinderella): You Only Live Thrice
271,177C-Trojan War: When I am Gone,Myths and Legends,Myths and Legends177C-Trojan War: When I am Gone
272,THUNDER & HEAVY RAIN FOR SLEEP - Feel free to comment on your sound ideas in a review.,Sleep Podcast by Slow | Relaxing Sleep Sounds To Help You Sleep | Nature Sounds For Sleep | ASMR,Sleep Podcast by Slow | Relaxing Sleep Sounds To Help You Sleep | Nature Sounds For Sleep | ASMRTHUNDER & HEAVY RAIN FOR SLEEP - Feel free to comment on your sound ideas in a review.
274,"To Fall In Love With Anyone, Do This | With Gillian Jacobs",Modern Love,"Modern LoveTo Fall In Love With Anyone, Do This | With Gillian Jacobs"
275,75-Pecos Bill: Rider on the Storm,Myths and Legends,Myths and Legends75-Pecos Bill: Rider on the Storm
277,64-Frog Prince: Warts and All,Myths and Legends,Myths and Legends64-Frog Prince: Warts and All
278,Maddy Just Might Work | With Jennifer Finney Boylan,Modern Love,Modern LoveMaddy Just Might Work | With Jennifer Finney Boylan
279,47-Urban Legends: In the Dark,Myths and Legends,Myths and Legends47-Urban Legends: In the Dark
280,How I Got To Here | With Katie Couric,Modern Love,Modern LoveHow I Got To Here | With Katie Couric
282,116A-Mexican Legends: Alta California,Myths and Legends,Myths and Legends116A-Mexican Legends: Alta California
283,"Tuesday, June 7th, 2022",Libra Today,"Libra TodayTuesday, June 7th, 2022"
284,"Pokémon Center (from ""Pokémon Red & Blue"") - Lo-Fi Edit",Besso0,"Besso0Pokémon Center (from ""Pokémon Red & Blue"") - Lo-Fi Edit"
285,7-Little Mermaid: Cry with the Saints,Myths and Legends,Myths and Legends7-Little Mermaid: Cry with the Saints
286,133-Filipino folklore: Monkey Business,Myths and Legends,Myths and Legends133-Filipino folklore: Monkey Business
288,27B-King Arthur: Mayday,Myths and Legends,Myths and Legends27B-King Arthur: Mayday
289,88-Ragnarok: Doom,Myths and Legends,Myths and Legends88-Ragnarok: Doom
290,Estranged Spouses | With Lance Reddick,Modern Love,Modern LoveEstranged Spouses | With Lance Reddick
295,87-Werewolves: The Lost,Myths and Legends,Myths and Legends87-Werewolves: The Lost
297,Where It All Started | Modern Love Bonus Episode,Modern Love,Modern LoveWhere It All Started | Modern Love Bonus Episode
298,80A-Medusa: Golden Child,Myths and Legends,Myths and Legends80A-Medusa: Golden Child
299,55-Grimm: My (Bird) Heart Will Go On,Myths and Legends,Myths and Legends55-Grimm: My (Bird) Heart Will Go On
301,106B-African Legends: Bad Move,Myths and Legends,Myths and Legends106B-African Legends: Bad Move
303,53-African Folklore: Crocodile Tears,Myths and Legends,Myths and Legends53-African Folklore: Crocodile Tears
305,128-Irish folklore: Give Him the Finger,Myths and Legends,Myths and Legends128-Irish folklore: Give Him the Finger
308,Just Friends? | With Tony Hale,Modern Love,Modern LoveJust Friends? | With Tony Hale
309,83-Tale of Tales: Skin Deep,Myths and Legends,Myths and Legends83-Tale of Tales: Skin Deep
311,132A-Trojan War: The Wars to Come,Myths and Legends,Myths and Legends132A-Trojan War: The Wars to Come
315,36B-Pocahontas: Between Two Streams,Myths and Legends,Myths and Legends36B-Pocahontas: Between Two Streams
317,17B-Icarus and Daedalus: A Portrait of the Artificer as a Young Man,Myths and Legends,Myths and Legends17B-Icarus and Daedalus: A Portrait of the Artificer as a Young Man
318,"Bicycle Theme (from ""Pokémon Red & Blue"") - Lo-Fi Edit",Besso0,"Besso0Bicycle Theme (from ""Pokémon Red & Blue"") - Lo-Fi Edit"
322,129A-Persian Mythology: The Mammoth that Rides,Myths and Legends,Myths and Legends129A-Persian Mythology: The Mammoth that Rides
323,Myths and Legends Trailer,Myths and Legends,Myths and LegendsMyths and Legends Trailer
324,29-Grimm: Upward Mobility,Myths and Legends,Myths and Legends29-Grimm: Upward Mobility
329,156-Italian Folklore: Clever Girl,Myths and Legends,Myths and Legends156-Italian Folklore: Clever Girl
330,13A-Ragnar Lodbrok: The Beggar King,Myths and Legends,Myths and Legends13A-Ragnar Lodbrok: The Beggar King
332,86-Grimm: Clever,Myths and Legends,Myths and Legends86-Grimm: Clever
337,164B-Lady White Snake: Enlighten Me,Myths and Legends,Myths and Legends164B-Lady White Snake: Enlighten Me
338,'An Interlude Of Clarity' | With Judd Apatow,Modern Love,Modern Love'An Interlude Of Clarity' | With Judd Apatow
339,49-Russian Folklore: I Pity the Fool,Myths and Legends,Myths and Legends49-Russian Folklore: I Pity the Fool
341,142B-Rome: Politics,Myths and Legends,Myths and Legends142B-Rome: Politics
342,100B-Knights of the Round Table: Family Reunion,Myths and Legends,Myths and Legends100B-Knights of the Round Table: Family Reunion
343,"Smells Like Teen Spirit (From ""Black Widow"")",Geek Music,"Geek MusicSmells Like Teen Spirit (From ""Black Widow"")"
344,79-Odin: The War to Begin all Wars,Myths and Legends,Myths and Legends79-Odin: The War to Begin all Wars
346,113-Armenian folklore: Occupational Hazard,Myths and Legends,Myths and Legends113-Armenian folklore: Occupational Hazard
347,04. I Am a Crook,Batman Unburied,Batman Unburied04. I Am a Crook
348,129B-Persian mythology: Champions,Myths and Legends,Myths and Legends129B-Persian mythology: Champions
349,90-Viking Legends: Mighty,Myths and Legends,Myths and Legends90-Viking Legends: Mighty
350,150A-European Epics: King Me,Myths and Legends,Myths and Legends150A-European Epics: King Me
351,170B-Norse Sagas: On a Long Enough Timeline,Myths and Legends,Myths and Legends170B-Norse Sagas: On a Long Enough Timeline
352,"6B-Merlin: What’s Red, White, and Fighting All Over",Myths and Legends,"Myths and Legends6B-Merlin: What’s Red, White, and Fighting All Over"
354,266-1001 Nights: Good Night and Good Luck,Myths and Legends,Myths and Legends266-1001 Nights: Good Night and Good Luck
356,03. Dog With a Bone,Batman Unburied,Batman Unburied03. Dog With a Bone
358,33-Ali Baba: Inheritance,Myths and Legends,Myths and Legends33-Ali Baba: Inheritance
359,Parinda,Jal -The Band,Jal -The BandParinda
360,152-King Arthur: When in Rome,Myths and Legends,Myths and Legends152-King Arthur: When in Rome
363,"Pallet Town (from from ""Pokémon Red & Blue"") - Lo-Fi Edit",Besso0,"Besso0Pallet Town (from from ""Pokémon Red & Blue"") - Lo-Fi Edit"
365,46B-Jason and the Argonauts: MacGuffin,Myths and Legends,Myths and Legends46B-Jason and the Argonauts: MacGuffin
366,37-Hercules: The Best at What He Does,Myths and Legends,Myths and Legends37-Hercules: The Best at What He Does
367,41A-Lancelot: The Stolen Child,Myths and Legends,Myths and Legends41A-Lancelot: The Stolen Child
368,The Race Grows Sweeter | With Mary-Chapin Carpenter,Modern Love,Modern LoveThe Race Grows Sweeter | With Mary-Chapin Carpenter
370,105B-Reynard: Ferocious Mr. Fox,Myths and Legends,Myths and Legends105B-Reynard: Ferocious Mr. Fox
371,34-Greek Mythology: Uphill Battle,Myths and Legends,Myths and Legends34-Greek Mythology: Uphill Battle
372,Missed Connection | With Lauren Molina,Modern Love,Modern LoveMissed Connection | With Lauren Molina
373,The Doorman | With Cecily Strong,Modern Love,Modern LoveThe Doorman | With Cecily Strong
375,169-1001 Nights: A Bottle of Djinn,Myths and Legends,Myths and Legends169-1001 Nights: A Bottle of Djinn
378,119-Sleeping Beauty: Rude Awakening,Myths and Legends,Myths and Legends119-Sleeping Beauty: Rude Awakening
380,8-Merlin: Call of the Wyllt,Myths and Legends,Myths and Legends8-Merlin: Call of the Wyllt
381,93A-Amazons: Wonder Women,Myths and Legends,Myths and Legends93A-Amazons: Wonder Women
382,130B-Jungle Book: The Strength of the Pack,Myths and Legends,Myths and Legends130B-Jungle Book: The Strength of the Pack
384,Coming Out As A Modern Family | With Maria Bello,Modern Love,Modern LoveComing Out As A Modern Family | With Maria Bello
386,52-Greek Mythology: An Eternal Flame,Myths and Legends,Myths and Legends52-Greek Mythology: An Eternal Flame
389,Batman Unburied Trailer,Batman Unburied,Batman UnburiedBatman Unburied Trailer
390,151B-Faust: The Bad Place,Myths and Legends,Myths and Legends151B-Faust: The Bad Place
391,"Broken, Not Bound | With America Ferrera",Modern Love,"Modern LoveBroken, Not Bound | With America Ferrera"
392,A Prince Charming For The Prom | With Tituss Burgess,Modern Love,Modern LoveA Prince Charming For The Prom | With Tituss Burgess
394,2: 7 Beliefs of Emotionally Healthy People,An Audio Guide to Happiness,An Audio Guide to Happiness2: 7 Beliefs of Emotionally Healthy People
395,"Lavender Town (from ""Pokémon Blue & Red"") - Lo-Fi Edit",Besso0,"Besso0Lavender Town (from ""Pokémon Blue & Red"") - Lo-Fi Edit"
396,02. Such Wonderful Secrets,Batman Unburied,Batman Unburied02. Such Wonderful Secrets
397,McKinsey Staffing and Professional Development,McKinsey Recruiting,McKinsey RecruitingMcKinsey Staffing and Professional Development
398,170A-Norse Sagas: Good for Nothing,Myths and Legends,Myths and Legends170A-Norse Sagas: Good for Nothing
399,Lamhay,Jal -The Band,Jal -The BandLamhay
401,"'Man-ifesting A Cultural Shift' with Trevor Noah, Andy Cohen and Judd Apatow",Archetypes,"Archetypes'Man-ifesting A Cultural Shift' with Trevor Noah, Andy Cohen and Judd Apatow"
405,174-Medieval Knights: Take Your Time,Myths and Legends,Myths and Legends174-Medieval Knights: Take Your Time
407,176-The Emperor's New Clothes: Matchless,Myths and Legends,Myths and Legends176-The Emperor's New Clothes: Matchless
408,177B-Trojan War: Storm of Spears,Myths and Legends,Myths and Legends177B-Trojan War: Storm of Spears
411,"Rustboro City (from ""Pokémon Ruby & Sapphire"") - Lo-Fi Edit",Besso0,"Besso0Rustboro City (from ""Pokémon Ruby & Sapphire"") - Lo-Fi Edit"
412,BA.5 and DIY Covid,"Today, Explained","Today, ExplainedBA.5 and DIY Covid"
413,31B-Viking Sagas: Face-off,Myths and Legends,Myths and Legends31B-Viking Sagas: Face-off
414,167-Nutcracker: Cracked,Myths and Legends,Myths and Legends167-Nutcracker: Cracked
415,36A-Pocahontas: The Empire Business,Myths and Legends,Myths and Legends36A-Pocahontas: The Empire Business
416,71B-Sinbad: Snake Eyes,Myths and Legends,Myths and Legends71B-Sinbad: Snake Eyes
418,Thanks for listening!,An Audio Guide to Happiness,An Audio Guide to HappinessThanks for listening!
420,62-Thor: Hammer Time,Myths and Legends,Myths and Legends62-Thor: Hammer Time
422,The Glow Down of the Green M&M,Not Past It ,Not Past It The Glow Down of the Green M&M
426,Seesawing Libidos | With Stephen Bogardus,Modern Love,Modern LoveSeesawing Libidos | With Stephen Bogardus
427,41C-Lancelot: It's Complicated,Myths and Legends,Myths and Legends41C-Lancelot: It's Complicated
428,95B-Irish Legends: Finn the Human,Myths and Legends,Myths and Legends95B-Irish Legends: Finn the Human
429,In Darkness And In Light | With Patina Miller,Modern Love,Modern LoveIn Darkness And In Light | With Patina Miller
431,151A-Faust: A Man of Wealth and Taste,Myths and Legends,Myths and Legends151A-Faust: A Man of Wealth and Taste
432,06. Work Clothes,Batman Unburied,Batman Unburied06. Work Clothes
433,It's All Normal | The Beauty of Choice,The Daily Stoic,The Daily StoicIt's All Normal | The Beauty of Choice
434,Beowulf Pt. 2,Mythology,MythologyBeowulf Pt. 2
436,92-Greek Myths: Gigantic,Myths and Legends,Myths and Legends92-Greek Myths: Gigantic
437,106C-African Legends: Who Tells Your Story,Myths and Legends,Myths and Legends106C-African Legends: Who Tells Your Story
439,Between The Bars | With Joshua Jackson,Modern Love,Modern LoveBetween The Bars | With Joshua Jackson
440,Leaps of Faith | Modern Love Bonus Episode,Modern Love,Modern LoveLeaps of Faith | Modern Love Bonus Episode
441,67A-Gawain: To the Dogs,Myths and Legends,Myths and Legends67A-Gawain: To the Dogs
446,"Azalea Town (from ""Pokémon Gold & Silver"") - Lo-Fi Edit",Besso0,"Besso0Azalea Town (from ""Pokémon Gold & Silver"") - Lo-Fi Edit"
447,38A-Korean Literature: Crossing the Threshold,Myths and Legends,Myths and Legends38A-Korean Literature: Crossing the Threshold
448,58-Native American Folklore: Monster,Myths and Legends,Myths and Legends58-Native American Folklore: Monster
449,6A-King Arthur Prologue: The Once and Really Only that One Time King,Myths and Legends,Myths and Legends6A-King Arthur Prologue: The Once and Really Only that One Time King
450,Smart Talks with IBM: Unlocking Data Strategy: Data Literacy for Better Business,Stuff To Blow Your Mind,Stuff To Blow Your MindSmart Talks with IBM: Unlocking Data Strategy: Data Literacy for Better Business
451,112C-Pinocchio: Whale Jail,Myths and Legends,Myths and Legends112C-Pinocchio: Whale Jail
452,Dil Haray Pukaray,Jal -The Band,Jal -The BandDil Haray Pukaray
454,97-Jack and the Beanstalk: Sleeping Giant,Myths and Legends,Myths and Legends97-Jack and the Beanstalk: Sleeping Giant
456,45-Rumpelstiltskin: Let's Make a Deal,Myths and Legends,Myths and Legends45-Rumpelstiltskin: Let's Make a Deal
458,5A-Slavic Folklore: Tried and Died,Myths and Legends,Myths and Legends5A-Slavic Folklore: Tried and Died
460,91-Greek Myths: Fatherhood,Myths and Legends,Myths and Legends91-Greek Myths: Fatherhood
461,"New Bark Town (from ""Pokémon Gold & Silver"") - Lo-Fi Edit",Besso0,"Besso0New Bark Town (from ""Pokémon Gold & Silver"") - Lo-Fi Edit"
463,179-Slavic legends: Grateful Dead,Myths and Legends,Myths and Legends179-Slavic legends: Grateful Dead
466,44-Saint George: Here Be Dragons,Myths and Legends,Myths and Legends44-Saint George: Here Be Dragons
468,23-Cupid and Psyche: Burned,Myths and Legends,Myths and Legends23-Cupid and Psyche: Burned
469,138-Knights of the Round Table: Carl,Myths and Legends,Myths and Legends138-Knights of the Round Table: Carl
470,15-Slavic Folklore: Bad Wolf,Myths and Legends,Myths and Legends15-Slavic Folklore: Bad Wolf
471,120A-Holy Grail: Only the Penitent Man Will Pass,Myths and Legends,Myths and Legends120A-Holy Grail: Only the Penitent Man Will Pass
472,145-Achilles: The Age of Heroes,Myths and Legends,Myths and Legends145-Achilles: The Age of Heroes
473,146-Scandinavian Folklore: Twinning,Myths and Legends,Myths and Legends146-Scandinavian Folklore: Twinning
474,82B-Arabian Nights: Show Me What You Got,Myths and Legends,Myths and Legends82B-Arabian Nights: Show Me What You Got
475,1: 5 Benefits of Gratitude,An Audio Guide to Happiness,An Audio Guide to Happiness1: 5 Benefits of Gratitude
476,165-Greek Myths: A Tangled Web,Myths and Legends,Myths and Legends165-Greek Myths: A Tangled Web
477,'The Plunge' | With Dakota Fanning,Modern Love,Modern Love'The Plunge' | With Dakota Fanning
478,27C-King Arthur: The Errant Knight,Myths and Legends,Myths and Legends27C-King Arthur: The Errant Knight
479,Your Weirdest Dates,Modern Love,Modern LoveYour Weirdest Dates
480,63-Puss in Boots: These Boots,Myths and Legends,Myths and Legends63-Puss in Boots: These Boots
481,Six Easy Steps to Nuclear War,"Today, Explained","Today, ExplainedSix Easy Steps to Nuclear War"
482,Calm Ocean Sounds For Sleep |  Ocean Waves To Help Deep Sleep,Sleep Podcast by Slow | Relaxing Sleep Sounds To Help You Sleep | Nature Sounds For Sleep | ASMR,Sleep Podcast by Slow | Relaxing Sleep Sounds To Help You Sleep | Nature Sounds For Sleep | ASMRCalm Ocean Sounds For Sleep |  Ocean Waves To Help Deep Sleep
483,127-Finnish Mythology: The Boy who Lived,Myths and Legends,Myths and Legends127-Finnish Mythology: The Boy who Lived
486,A 'Modern Love' Audio Valentine,Modern Love,Modern LoveA 'Modern Love' Audio Valentine
488,89-Maui: The Mauiest Maui,Myths and Legends,Myths and Legends89-Maui: The Mauiest Maui
489,73-Japanese Folklore: I will find you,Myths and Legends,Myths and Legends73-Japanese Folklore: I will find you
490,35-Beauty and the Beast: Prisoners,Myths and Legends,Myths and Legends35-Beauty and the Beast: Prisoners
491,108-Tom Thumb: Thumbs Up,Myths and Legends,Myths and Legends108-Tom Thumb: Thumbs Up
492,122-Indian Folklore: Let it Be,Myths and Legends,Myths and Legends122-Indian Folklore: Let it Be
493,95A-Irish legends: Wanted,Myths and Legends,Myths and Legends95A-Irish legends: Wanted
496,177A-Trojan War: Rage,Myths and Legends,Myths and Legends177A-Trojan War: Rage
497,6C-King Arthur: How I Met Your Mother,Myths and Legends,Myths and Legends6C-King Arthur: How I Met Your Mother
499,The Wait | Modern Love Bonus Episode,Modern Love,Modern LoveThe Wait | Modern Love Bonus Episode
501,135B-Tristan and Isolde: Secrets,Myths and Legends,Myths and Legends135B-Tristan and Isolde: Secrets
503,05. Park Row,Batman Unburied,Batman Unburied05. Park Row
506,The rise of boring architecture -- and the case for radically human buildings | Thomas Heatherwick,TED Talks Daily,TED Talks DailyThe rise of boring architecture -- and the case for radically human buildings | Thomas Heatherwick
507,105A-Reynard: Fox on the Run,Myths and Legends,Myths and Legends105A-Reynard: Fox on the Run
509,114B-Indian Stories: Heavy,Myths and Legends,Myths and Legends114B-Indian Stories: Heavy
510,A Faithful Leap | With Amber Tamblyn,Modern Love,Modern LoveA Faithful Leap | With Amber Tamblyn
511,135A-Tristan and Isolde: Matchmaker,Myths and Legends,Myths and Legends135A-Tristan and Isolde: Matchmaker
513,39-Odin: In the Land of the Blind,Myths and Legends,Myths and Legends39-Odin: In the Land of the Blind
516,177D-Trojan War: Horsin' Around,Myths and Legends,Myths and Legends177D-Trojan War: Horsin' Around
517,68A-Morgan Le Fay: Get Thee to a Nunnery,Myths and Legends,Myths and Legends68A-Morgan Le Fay: Get Thee to a Nunnery
518,What Wikipedia teaches us about balancing truth and beliefs | Katherine Maher,TED Talks Daily,TED Talks DailyWhat Wikipedia teaches us about balancing truth and beliefs | Katherine Maher
521,140-La Llorona: No Way Out,Myths and Legends,Myths and Legends140-La Llorona: No Way Out
522,60B-Beowulf: The Depths,Myths and Legends,Myths and Legends60B-Beowulf: The Depths
524,27A-King Arthur: The Violence Inherent in the System,Myths and Legends,Myths and Legends27A-King Arthur: The Violence Inherent in the System
525,59-Greek Myths: The Violence of Our Ancestors,Myths and Legends,Myths and Legends59-Greek Myths: The Violence of Our Ancestors
526,Friends Without Benefits | With Taissa Farmiga,Modern Love,Modern LoveFriends Without Benefits | With Taissa Farmiga
527,32-Tricksters: Wager,Myths and Legends,Myths and Legends32-Tricksters: Wager
528,171-Indian Folklore: Love and Marriage,Myths and Legends,Myths and Legends171-Indian Folklore: Love and Marriage
529,112B-Pinocchio: Nosey,Myths and Legends,Myths and Legends112B-Pinocchio: Nosey
530,46D-Jason and the Argonauts: Scorned,Myths and Legends,Myths and Legends46D-Jason and the Argonauts: Scorned
531,17C-Theseus: I Volunteer as Tribute,Myths and Legends,Myths and Legends17C-Theseus: I Volunteer as Tribute
533,3C-Vikings: Renewed shall be Blade that was Broken,Myths and Legends,Myths and Legends3C-Vikings: Renewed shall be Blade that was Broken
534,126-Wendigo: Hunger,Myths and Legends,Myths and Legends126-Wendigo: Hunger
536,137-Italian folklore: Tailor-made,Myths and Legends,Myths and Legends137-Italian folklore: Tailor-made
537,85B-Slavic Folklore: Hold on to Your Hat,Myths and Legends,Myths and Legends85B-Slavic Folklore: Hold on to Your Hat
538,07. May Day,Batman Unburied,Batman Unburied07. May Day
539,Bonus-U.S. Folklore: Gaslighting,Myths and Legends,Myths and LegendsBonus-U.S. Folklore: Gaslighting
540,"Pokémon Gym (from ""Pokémon Red & Blue"") - Lo-Fi Edit",Besso0,"Besso0Pokémon Gym (from ""Pokémon Red & Blue"") - Lo-Fi Edit"
541,144-Viking Legends: The Old Gods and the New,Myths and Legends,Myths and Legends144-Viking Legends: The Old Gods and the New
543,5B-Slavic Folklore: The First Horcrux,Myths and Legends,Myths and Legends5B-Slavic Folklore: The First Horcrux
544,A Second Embrace | With Cheryl Strayed,Modern Love,Modern LoveA Second Embrace | With Cheryl Strayed
545,10A-Hercules: Going into Labor,Myths and Legends,Myths and Legends10A-Hercules: Going into Labor
549,82A-Arabian Nights: I'll Most Likely Kill You in the Morning,Myths and Legends,Myths and Legends82A-Arabian Nights: I'll Most Likely Kill You in the Morning
550,54B-Gilgamesh: Huge,Myths and Legends,Myths and Legends54B-Gilgamesh: Huge
551,124-Greek Mythology: The Fall,Myths and Legends,Myths and Legends124-Greek Mythology: The Fall
552,41B-Lancelot: Promises to Keep,Myths and Legends,Myths and Legends41B-Lancelot: Promises to Keep
553,111-Thumbelina: Sweet Summer Child,Myths and Legends,Myths and Legends111-Thumbelina: Sweet Summer Child
555,103-Middle Eastern Folklore: Shipshape,Myths and Legends,Myths and Legends103-Middle Eastern Folklore: Shipshape
557,78-Egyptian Mythology: The Master Namer,Myths and Legends,Myths and Legends78-Egyptian Mythology: The Master Namer
558,"Separate Ways (Worlds Apart) [From ""Stranger Things Season 4 Trailer""]",Geek Music,"Geek MusicSeparate Ways (Worlds Apart) [From ""Stranger Things Season 4 Trailer""]"
559,125-Norse Mythology: Bound,Myths and Legends,Myths and Legends125-Norse Mythology: Bound
560,20-Korean Folklore: Prayers,Myths and Legends,Myths and Legends20-Korean Folklore: Prayers
561,106A-African Legends: Long Live the King,Myths and Legends,Myths and Legends106A-African Legends: Long Live the King
563,135C-Tristan and Isolde: Homecoming,Myths and Legends,Myths and Legends135C-Tristan and Isolde: Homecoming
565,3D-Vikings: Blood of the Dragon,Myths and Legends,Myths and Legends3D-Vikings: Blood of the Dragon
